lat,lon,ele,time,x,y,dt,seg,step,speed,heading,turn,cum_dist,elapsed
41.384708,2.118081,61.039,2026-06-01 13:15:22+00:00,37.38130476229044,101.79701137667973,,0,,,,,0.0,0.0
41.384649,2.118106,61.001,2026-06-01 13:15:23+00:00,39.467038337952005,95.23651070417417,1.0,0,6.884072459132602,6.884072459132602,-1.2629786541330574,,6.884072459132602,1.0
41.384606,2.118124,61.021,2026-06-01 13:15:24+00:00,40.96876651238056,90.45512885794294,1.0,0,5.011666376500142,5.011666376500142,-1.2664742438256638,-0.003495589692606327,11.895738835632745,2.0
41.384641,2.11807,61.009,2026-06-01 13:15:29+00:00,36.46358198899537,94.34695129103699,5.0,0,5.953399821991088,1.1906799643982175,2.4291103140902828,-2.5876007492636397,17.849138657623833,7.0
41.384662,2.118137,61.035,2026-06-01 13:15:35+00:00,42.05334797172325,96.68204475061049,6.0,0,6.057899405454392,1.0096499009090654,0.39570907703316466,-2.033401237057118,23.907038063078225,13.0
41.385229,2.117954,61.089,2026-06-01 13:16:41+00:00,26.785778198034517,159.72956815838768,66.0,0,64.86978414214639,0.9828755173052482,1.8083823870382254,1.4126733100050606,88.77682220522462,79.0
41.38519,2.117991,61.03,2026-06-01 13:17:01+00:00,29.872663889981787,155.3929660190787,20.0,0,5.323061279922296,0.2661530639961148,-0.9521805978580881,-2.7605629848963136,94.09988348514692,99.0
41.382336,2.117596,61.085,2026-06-01 13:27:45+00:00,-3.0819266051524745,-161.957354624505,644.0,1,,,-1.674268405456851,-0.7220878075987631,94.09988348514692,743.0
41.382374,2.117562,62.949,2026-06-01 13:30:04+00:00,-5.918524267995148,-157.73194741228025,139.0,2,,,2.1620131120844537,-2.4469037896382817,94.09988348514692,882.0
41.382412,2.117523,62.887,2026-06-01 13:30:10+00:00,-9.172268646023205,-153.50654019934817,6.0,2,5.333002774483402,0.8888337957472338,2.2270019099923064,0.06498879790785272,99.43288625963032,888.0
41.382465,2.117504,62.694,2026-06-01 13:30:15+00:00,-10.757426163508745,-147.61320908722598,5.0,2,6.102792471676242,1.2205584943352483,1.8335523676148915,-0.3934495423774149,105.53567873130656,893.0
41.382513,2.117537,61.53,2026-06-01 13:30:20+00:00,-8.00425784365671,-142.27585260840291,5.0,2,6.005606545509909,1.2011213091019817,1.0945651062687858,-0.7389872613461055,111.54128527681647,898.0
41.382549,2.117588,61.749,2026-06-01 13:30:25+00:00,-3.749361349342946,-138.2728352496393,5.0,2,5.841942498166726,1.1683884996333451,0.7549060715488628,-0.3396590347199231,117.3832277749832,903.0
41.382582,2.117643,62.243,2026-06-01 13:30:30+00:00,0.8392525170992232,-134.60340267000637,5.0,2,5.8753819170992445,1.175076383419849,0.6745470981909834,-0.08035897335787956,123.25860969208244,908.0
41.382603,2.1177,62.364,2026-06-01 13:30:34+00:00,5.5947250695558415,-132.26830921043288,4.0,2,5.29784679488858,1.324461698722145,0.45644822674678126,-0.21809887144420204,128.55645648697103,912.0
41.382632,2.117758,62.21,2026-06-01 13:30:39+00:00,10.4336269650031,-129.04365633772218,5.0,2,5.814925425424164,1.162985085084833,0.5878192032507661,0.13137097650398477,134.37138191239518,917.0
41.382679,2.117735,62.409,2026-06-01 13:30:43+00:00,8.514752075455494,-123.81749478527604,4.0,2,5.567301448098767,1.3918253620246916,1.9226822277450948,1.3348630244943287,139.93868336049394,921.0
41.382721,2.117708,62.736,2026-06-01 13:30:47+00:00,6.2621598137463135,-119.14730786683636,4.0,2,5.185057159827385,1.2962642899568462,2.0202119219138353,0.09752969416874047,145.12374052032132,925.0
41.382721,2.117639,63.15,2026-06-01 13:30:55+00:00,0.5055351449708183,-119.14730786683636,8.0,2,5.756624668775495,0.7195780835969369,3.141592653589793,1.1213807316759574,150.8803651890968,933.0
41.382758,2.117591,59.021,2026-06-01 13:31:47+00:00,-3.499073320271519,-115.03309558028118,52.0,2,5.7413963196013675,0.11041146768464169,2.3426953421029046,-0.7988973114868885,156.62176150869817,985.0
41.382802,2.117564,58.276,2026-06-01 13:31:56+00:00,-5.751665581980699,-110.14051880838038,9.0,2,5.3862305340985355,0.5984700593442818,2.00227357732681,-0.34042176477609454,162.0079920427967,994.0
41.38279,2.117623,57.76,2026-06-01 13:33:45+00:00,-0.8293343434432942,-111.47485792773249,109.0,2,5.099980951661932,0.046788816070292956,-0.2647169607909303,-2.2669905381177404,167.10797299445863,1103.0
41.382755,2.117671,57.748,2026-06-01 13:33:52+00:00,3.1752741217990432,-115.3666803601192,7.0,2,5.584189359711852,0.7977413371016931,-0.7711159686344964,-0.5063990078435658,172.69216235417048,1110.0
41.382708,2.117695,57.075,2026-06-01 13:33:57+00:00,5.177578354403628,-120.59284191256536,5.0,2,5.59660493622452,1.1193209872449041,-1.204916278536996,-0.43380030990249985,178.288767290395,1115.0
41.382665,2.117725,56.681,2026-06-01 13:34:02+00:00,7.680458645184235,-125.37422375808927,5.0,2,5.396852981384952,1.0793705962769904,-1.0885543621073954,0.11636191642960059,183.68562027177992,1120.0
41.382622,2.117687,55.88,2026-06-01 13:34:08+00:00,4.510143610213156,-130.1556056043205,6.0,2,5.736942546377226,0.9561570910628711,-2.156293779688238,-1.0677394175808428,189.42256281815716,1126.0
41.382593,2.117631,55.485,2026-06-01 13:34:13+00:00,-0.16189959925282238,-133.38025847703116,5.0,2,5.6768278026199015,1.1353655605239803,-2.537472941853858,-0.38117916216562,195.09939062077706,1131.0
41.382569,2.117572,55.589,2026-06-01 13:34:18+00:00,-5.084230837757058,-136.04893671715,5.0,2,5.5992131921224875,1.1198426384244975,-2.6447905759208123,-0.10731763406695416,200.69860381289953,1136.0
41.382552,2.117516,55.917,2026-06-01 13:34:23+00:00,-9.7562740471567,-137.93925046980127,5.0,2,5.039967642154041,1.0079935284308081,-2.7571261275463423,-0.11233555162553,205.73857145505357,1141.0
41.382512,2.117475,56.509,2026-06-01 13:34:29+00:00,-13.176877111199206,-142.38704753548714,6.0,2,5.611009183672833,0.9351681972788054,-2.226381868158543,0.5307442593877991,211.3495806387264,1147.0
41.382465,2.117474,56.69,2026-06-01 13:34:33+00:00,-13.260306454256183,-147.61320908722598,4.0,2,5.226827433554339,1.3067068583885848,-1.586758760446885,0.6396231077116585,216.57640807228074,1151.0
41.382417,2.117453,56.614,2026-06-01 13:34:38+00:00,-15.012322657822509,-152.95056556675635,5.0,2,5.617555960303715,1.123511192060743,-1.8879698203350193,-0.30121105988813435,222.19396403258446,1156.0
41.382374,2.117426,56.635,2026-06-01 13:34:42+00:00,-17.26491491949852,-157.73194741228025,4.0,2,5.285431321100307,1.3213578302750768,-2.011072060160631,-0.12310223982561208,227.47939535368477,1160.0
41.382327,2.117393,56.42,2026-06-01 13:34:47+00:00,-20.018083239350553,-162.9581089647264,5.0,2,5.907004348204185,1.1814008696408371,-2.055657312113076,-0.04458525195244478,233.38639970188896,1165.0
41.382289,2.117346,56.254,2026-06-01 13:34:51+00:00,-23.939262361535913,-167.18351617695114,4.0,2,5.764521820357982,1.4411304550894954,-2.318867593864242,-0.2632102817511659,239.15092152224693,1169.0
41.382258,2.117288,55.822,2026-06-01 13:34:56+00:00,-28.77816425704951,-170.63055890312296,5.0,2,5.941134160281107,1.1882268320562215,-2.5226191119332415,-0.20375151806899972,245.09205568252804,1174.0
41.382231,2.117227,56.359,2026-06-01 13:35:01+00:00,-33.867354181568196,-173.6328219223725,5.0,2,5.90875937270895,1.1817518745417899,-2.6086108770472096,-0.08599176511396811,251.00081505523698,1179.0
41.382212,2.117169,56.965,2026-06-01 13:35:05+00:00,-38.70625607704862,-175.74552552848488,4.0,2,5.280008341031698,1.3200020852579244,-2.7299310954377076,-0.121320218390498,256.28082339626866,1183.0
41.382195,2.117113,57.174,2026-06-01 13:35:09+00:00,-43.378299286514604,-177.63583928113613,4.0,2,5.039967642215539,1.2599919105538848,-2.7571261275512793,-0.02719503211357166,261.3207910384842,1187.0
41.382177,2.117056,57.773,2026-06-01 13:35:13+00:00,-48.13377183897122,-179.63734796157894,4.0,2,5.159511236062595,1.2898778090156489,-2.7432123161565025,0.013913811394776765,266.4803022745468,1191.0
41.382162,2.116987,58.085,2026-06-01 13:35:18+00:00,-53.890396507746715,-181.30527186076907,5.0,2,5.993387832490416,1.1986775664980833,-2.859575163871763,-0.11636284771526029,272.4736901070372,1196.0
41.382146,2.116925,58.513,2026-06-01 13:35:23+00:00,-59.06301577532238,-183.0843906870434,5.0,2,5.470032347737875,1.0940064695475749,-2.8103183405567815,0.04925682331498127,277.94372245477507,1201.0
41.38213,2.11686,58.609,2026-06-01 13:35:28+00:00,-64.48592307200263,-184.86350951402508,5.0,2,5.70729247094528,1.141458494189056,-2.8245822881341636,-0.01426394757738203,283.65101492572035,1206.0
41.382123,2.116798,59.499,2026-06-01 13:35:33+00:00,-69.65854233954514,-185.64187400007802,5.0,2,5.2308547446952085,1.0461709489390416,-2.9922354303122303,-0.1676531421780667,288.88186967041554,1211.0
41.382115,2.116726,59.853,2026-06-01 13:35:39+00:00,-75.66545503742522,-186.5314334132152,6.0,2,6.072422589828046,1.0120704316380078,-2.994571896582572,-0.002336466270341564,294.95429226024356,1217.0
41.382094,2.116668,60.034,2026-06-01 13:35:44+00:00,-80.50435693287248,-188.8665268727887,5.0,2,5.372860785345742,1.0745721570691484,-2.691988608037526,0.3025832885450459,300.3271530455893,1222.0
41.382079,2.116611,60.389,2026-06-01 13:35:49+00:00,-85.25982948539543,-190.53445077268617,5.0,2,5.039492963944712,1.0078985927889423,-2.8042607178117898,-0.11227210977426383,305.366646009534,1227.0
41.382069,2.116544,61.043,2026-06-01 13:35:55+00:00,-90.84959546805698,-191.64640003857713,6.0,2,5.699290737524771,0.9498817895874617,-2.945230088841106,-0.14096937102931628,311.0659367470588,1233.0
41.382057,2.116483,61.081,2026-06-01 13:36:00+00:00,-95.938785392642,-192.98073915792924,5.0,2,5.261208508881883,1.0522417017763765,-2.885173549947177,0.060056538893928924,316.3271452559407,1238.0
41.382037,2.116419,63.078,2026-06-01 13:36:05+00:00,-101.27826334626528,-195.20463769183317,5.0,2,5.784094527782983,1.1568189055565967,-2.746942601928537,0.1382309480186401,322.1112397837237,1243.0
41.382017,2.116364,63.264,2026-06-01 13:36:09+00:00,-105.86687721270745,-197.42853622432244,4.0,2,5.099127562447652,1.274781890611913,-2.6902955473627364,0.05664705456580066,327.2103673461714,1247.0
41.381998,2.116309,63.013,2026-06-01 13:36:13+00:00,-110.45549107908327,-199.54123983043482,4.0,2,5.051622882003042,1.2629057205007606,-2.710104799962255,-0.0198092525995186,332.2619902281744,1251.0
41.381982,2.116247,63.385,2026-06-01 13:36:17+00:00,-115.62811034669211,-201.32035865670917,4.0,2,5.470032347769255,1.3675080869423137,-2.810318340558749,-0.1002135405964939,337.73202257594363,1255.0
41.381959,2.116181,63.889,2026-06-01 13:36:22+00:00,-121.13444698636302,-203.8778419697438,5.0,2,6.071281914541017,1.2142563829082034,-2.706777545863655,0.10354079469509392,343.80330449048466,1260.0
41.381939,2.11612,63.817,2026-06-01 13:36:27+00:00,-126.22363691094803,-206.10174050223307,5.0,2,5.553879614405192,1.1107759228810383,-2.729614741917509,-0.022837196053854036,349.3571841048899,1265.0
41.381928,2.116062,63.309,2026-06-01 13:36:32+00:00,-131.06253880642845,-207.32488469520825,5.0,2,4.991097401463219,0.9982194802926438,-2.894005729510554,-0.16439098759304516,354.3482815063531,1270.0
41.381912,2.115997,62.87,2026-06-01 13:36:37+00:00,-136.48544610307556,-209.10400352218994,5.0,2,5.707292470913784,1.1414584941827568,-2.8245822881323535,0.06942344137820067,360.0555739772669,1275.0
41.3819,2.115939,62.794,2026-06-01 13:36:41+00:00,-141.32434799858916,-210.43834264154205,4.0,2,5.019505198706192,1.254876299676548,-2.8725270178287694,-0.047944729696415944,365.0750791759731,1279.0
41.381887,2.115878,62.665,2026-06-01 13:36:45+00:00,-146.413537923141,-211.88387668797836,4.0,2,5.290503073202637,1.3226257683006593,-2.8648415045352325,0.00768551329353695,370.3655822491757,1283.0
41.381871,2.115819,62.22,2026-06-01 13:36:49+00:00,-151.33586916164523,-213.66299551496004,4.0,2,5.233985921081109,1.3084964802702772,-2.794764411855409,0.07007709267982332,375.5995681702568,1287.0
41.381861,2.115758,62.374,2026-06-01 13:36:53+00:00,-156.42505908623025,-214.77494478085103,4.0,2,5.209249970812797,1.3023124927031993,-2.9264808137297065,-0.13171640187429734,380.8088181410696,1291.0
41.381874,2.115691,62.582,2026-06-01 13:36:58+00:00,-162.01482506892498,-213.3294107344147,5.0,2,5.773651567309702,1.1547303134619404,2.8885329459626994,-0.4681715474871808,386.5824697083793,1296.0
41.381922,2.115658,63.079,2026-06-01 13:37:04+00:00,-164.76799338881017,-207.99205425488432,6.0,2,6.005606546153708,1.0009344243589513,2.047027547271923,-0.8415053986907766,392.588076254533,1302.0
41.381961,2.115616,63.355,2026-06-01 13:37:09+00:00,-168.27202579584332,-203.65545211698998,5.0,2,5.575335076201998,1.1150670152403996,2.2504043921489076,0.20337684487698482,398.163411330735,1307.0
41.381976,2.115543,62.574,2026-06-01 13:37:14+00:00,-174.36236783671404,-201.98752821638521,5.0,2,6.314605000552764,1.2629210001105529,2.8742831132823072,0.6238787211333996,404.4780163312878,1312.0
41.381991,2.115484,60.042,2026-06-01 13:42:58+00:00,-179.28469907525147,-200.3196043171951,344.0,3,,,2.8148868086128718,-0.05939630466943546,404.4780163312878,1656.0
41.382045,2.115463,60.922,2026-06-01 13:43:02+00:00,-181.0367152787846,-194.31507827869598,4.0,3,6.25490956964659,1.5637273924116475,1.854697274416458,-0.960189534196414,410.7329259009344,1660.0
41.382094,2.115458,61.314,2026-06-01 13:43:08+00:00,-181.45386199390364,-188.8665268727887,6.0,3,5.464496665270156,0.9107494442116927,1.647208292243897,-0.20748898217256073,416.1974225662045,1666.0
41.38214,2.11546,61.409,2026-06-01 13:43:14+00:00,-181.28700330785603,-183.7515602474268,6.0,3,5.11768750508233,0.8529479175137217,1.5381862342527464,-0.10902205799115094,421.3151100712869,1672.0
41.382191,2.115446,62.566,2026-06-01 13:43:20+00:00,-182.45501411022252,-178.08061898805838,6.0,3,5.789976165896705,0.9649960276494508,1.773920048529684,0.23573381427693763,427.10508623718357,1678.0
41.382244,2.11543,62.93,2026-06-01 13:43:26+00:00,-183.78988359863664,-172.1872878759362,6.0,3,6.0426176569601235,1.0071029428266873,1.7935428719929087,0.019622823463224748,433.1477038941437,1684.0
41.382292,2.115417,62.821,2026-06-01 13:43:31+00:00,-184.87446505797934,-166.84993139711312,5.0,3,5.446438388890901,1.0892876777781804,1.7712724176451744,-0.022270454347734336,438.5941422830346,1689.0
41.382344,2.11541,63.086,2026-06-01 13:43:36+00:00,-185.45847045914599,-161.06779521136784,5.0,3,5.811554110485153,1.1623108220970306,1.6714566314176134,-0.09981578622756082,444.40569639351975,1694.0
41.382395,2.115393,64.13,2026-06-01 13:43:41+00:00,-186.87676929055075,-155.39685395270675,5.0,3,5.845609149981612,1.1691218299963224,1.8158685116618052,0.14441188024419205,450.25130554350136,1699.0
41.382449,2.115384,65.378,2026-06-01 13:43:47+00:00,-187.6276333777982,-149.3923279135003,6.0,3,6.051291583870842,1.0085485973118071,1.6952002412430518,-0.12066827041875339,456.3025971273722,1705.0
41.382494,2.115371,65.885,2026-06-01 13:43:52+00:00,-188.71221483710772,-144.3885562145153,5.0,3,5.1199656402598475,1.0239931280519694,1.78424722584925,0.08904698460619809,461.4225627676321,1710.0
41.382541,2.11535,66.551,2026-06-01 13:43:57+00:00,-190.46423104067404,-139.16239466206915,5.0,3,5.512016450431294,1.1024032900862588,1.8942615209028173,0.11001429505356697,466.9345792180634,1715.0
41.382591,2.11534,66.82,2026-06-01 13:44:02+00:00,-191.29852447091213,-133.6026483304923,5.0,3,5.6219947348979975,1.1243989469795994,1.719744583444851,-0.17451693745796604,472.5565739529614,1720.0
41.382636,2.115302,67.183,2026-06-01 13:44:07+00:00,-194.46883950591638,-128.59887663150727,5.0,3,5.923565534096625,1.1847131068193248,2.1355453683075765,0.4158007848627254,478.480139487058,1725.0
41.382685,2.115278,67.025,2026-06-01 13:44:12+00:00,-196.47114373852096,-123.15032522559999,5.0,3,5.804819950930472,1.1609639901860944,1.9229692861746315,-0.2125760821329452,484.2849594379885,1730.0
41.382731,2.115241,67.917,2026-06-01 13:44:17+00:00,-199.55802943043506,-118.03535860023806,5.0,3,5.9742570126761665,1.1948514025352333,2.1137858608399367,0.19081657466530544,490.25921645066467,1735.0
41.38278,2.115238,70.709,2026-06-01 13:44:23+00:00,-199.80831745953967,-112.5868071950381,6.0,3,5.4542970686074135,0.9090495114345689,1.6167006750746222,-0.49708518576531446,495.71351351927206,1741.0
41.382829,2.115228,71.54,2026-06-01 13:44:29+00:00,-200.64261088977776,-107.13825578913084,6.0,3,5.512055691895039,0.9186759486491732,1.722738229212426,0.1060375541378038,501.2255692111671,1747.0
41.382877,2.115216,72.144,2026-06-01 13:44:35+00:00,-201.64376300609663,-101.80089930960045,6.0,3,5.430440106436563,0.9050733510727604,1.7562162715754828,0.03347804236305674,506.65600931760366,1753.0
41.382923,2.115202,73.145,2026-06-01 13:44:40+00:00,-202.81177380846313,-96.68593268423852,5.0,3,5.2466306152626405,1.0493261230525281,1.7952985694017412,0.03908229782625838,511.9026399328663,1758.0
41.382968,2.115181,73.51,2026-06-01 13:44:45+00:00,-204.56379001199628,-91.6821609852535,5.0,3,5.3016310691150625,1.0603262138230125,1.9075950756260462,0.11229650622430487,517.2042710019814,1763.0
41.383019,2.115156,73.614,2026-06-01 13:44:50+00:00,-206.64952358765782,-86.01121972659243,5.0,3,6.042338893824672,1.2084677787649345,1.923233776644165,0.015638701018118706,523.246609895806,1768.0
41.383062,2.115135,73.672,2026-06-01 13:44:55+00:00,-208.401539791191,-81.2298378803612,5.0,3,5.0922660119943,1.01845320239886,1.9220277754182977,-0.001206001225867226,528.3388759078003,1773.0
41.383112,2.115112,73.669,2026-06-01 13:45:00+00:00,-210.32041468077176,-75.67009154878434,5.0,3,5.881569528055071,1.1763139056110141,1.9031324160848255,-0.018895359333471973,534.2204454358554,1778.0
41.383161,2.115082,73.765,2026-06-01 13:45:05+00:00,-212.8232949715192,-70.22154014287707,5.0,3,5.995925464232028,1.1991850928464056,2.0014118220046693,0.09827940591984374,540.2163709000874,1783.0
41.383207,2.115066,73.884,2026-06-01 13:45:09+00:00,-214.15816445993332,-65.10657351751514,4.0,3,5.286280368053266,1.3215700920133164,1.8260757977695081,-0.17533602423516115,545.5026512681407,1787.0
41.38326,2.115054,73.834,2026-06-01 13:45:14+00:00,-215.1593165762522,-59.21324240539294,5.0,3,5.977763558147587,1.1955527116295175,1.7390687022055091,-0.08700709556399921,551.4804148262882,1792.0
41.38331,2.115044,73.555,2026-06-01 13:45:19+00:00,-215.9936100064903,-53.65349607240144,5.0,3,5.621994736296974,1.124398947259395,1.7197445834075102,-0.019324118797999112,557.1024095625852,1797.0
41.383357,2.115054,73.11,2026-06-01 13:45:24+00:00,-215.1593165762522,-48.42733452066261,5.0,3,5.292335032158453,1.0584670064316906,1.4124941508157856,-0.3072504325917249,562.3947445947437,1802.0
41.383397,2.115087,72.809,2026-06-01 13:45:30+00:00,-212.40614825640017,-43.97953745426941,6.0,3,5.230949678715402,0.871824946452567,1.0165261938733572,-0.39596795694242815,567.6256942734591,1808.0
41.383424,2.115144,71.975,2026-06-01 13:45:36+00:00,-207.65067570394353,-40.97727443572718,6.0,3,5.623886772479933,0.9373144620799888,0.5631368575248775,-0.4533893363484798,573.2495810459391,1814.0
41.383441,2.115209,71.399,2026-06-01 13:45:42+00:00,-202.22776840726328,-39.08696068307593,6.0,3,5.74292692203639,0.957154487006065,0.3354086881669773,-0.22772816935790008,578.9925079679755,1820.0
41.383453,2.115275,70.27,2026-06-01 13:45:47+00:00,-196.72143176759238,-37.75262156230919,5.0,3,5.665704199708175,1.133140839941635,0.2377449523857027,-0.09766373578127441,584.6582121676837,1825.0
41.38347,2.115336,69.915,2026-06-01 13:45:52+00:00,-191.63224184300736,-35.862307809657935,5.0,3,5.428917034912219,1.085783406982444,0.3556433453519491,0.11789839296624649,590.087129202596,1830.0
41.383485,2.115404,70.049,2026-06-01 13:45:57+00:00,-185.95904651728884,-34.19438390976048,5.0,3,5.913299868905994,1.1826599737811987,0.2859438839151539,-0.0696994614367954,596.0004290715019,1835.0
41.383504,2.11547,69.877,2026-06-01 13:46:02+00:00,-180.45270987758477,-32.081680303648106,5.0,3,5.8977334389600715,1.1795466877920142,0.36636385658152404,0.08041997266637013,601.8981625104619,1840.0
41.383527,2.115535,69.564,2026-06-01 13:46:07+00:00,-175.02980258093768,-29.524196990613483,5.0,3,5.9957188430144654,1.1991437686028932,0.4406766575459651,0.07431280096444093,607.8938813534764,1845.0
41.38354,2.115596,69.06,2026-06-01 13:46:12+00:00,-169.94061265635267,-28.078662944177157,5.0,3,5.290503073234548,1.0581006146469096,0.2767511490528512,-0.16392550849311371,613.184384426711,1850.0
41.383558,2.115664,69.049,2026-06-01 13:46:17+00:00,-164.26741733060098,-26.077154265149005,5.0,3,6.0159107536894085,1.2031821507378817,0.33916791191473455,0.062416762861883246,619.2002951804003,1855.0
41.383575,2.115726,69.178,2026-06-01 13:46:22+00:00,-159.0947980630253,-24.18684051179043,5.0,3,5.5072022092376125,1.1014404418475225,0.35036849074002757,0.011200578825293128,624.7074973896379,1860.0
41.383595,2.115791,69.633,2026-06-01 13:46:27+00:00,-153.67189076634506,-21.962941979301153,5.0,3,5.861198531972438,1.1722397063944876,0.38917719386234195,0.03880870312231455,630.5686959216104,1865.0
41.383607,2.115853,70.326,2026-06-01 13:46:31+00:00,-148.49927149880256,-20.62860285994905,4.0,3,5.341951981475055,1.3354879953687637,0.25245814157038127,-0.1367190522919608,635.9106479030854,1869.0
41.383619,2.115915,70.209,2026-06-01 13:46:35+00:00,-143.32665223119372,-19.294263739182306,4.0,3,5.341951981892645,1.3354879954731613,0.25245814182370296,2.533218079747712e-10,641.252599884978,1873.0
41.383633,2.115984,70.229,2026-06-01 13:46:40+00:00,-137.57002756241823,-17.73753476636908,5.0,3,5.96339942247294,1.192679884494588,0.2641069024939558,0.011648760670252667,647.2159993074509,1878.0
41.38365,2.11604,70.263,2026-06-01 13:46:44+00:00,-132.89798435298542,-15.847221013717828,4.0,3,5.039967642184792,1.259991910546198,0.38446652604098236,0.12035962354702656,652.2559669496358,1882.0
41.383665,2.116109,70.124,2026-06-01 13:46:49+00:00,-127.1413596842431,-14.179297113820377,5.0,3,5.993387832655395,1.198677566531079,0.2820174898329257,-0.10244903620805657,658.2493547822911,1887.0
41.383684,2.116174,70.069,2026-06-01 13:46:54+00:00,-121.71845238756285,-12.066593507708001,5.0,3,5.819917531689615,1.1639835063379231,0.37149905626052243,0.08948156642759653,664.0692723139807,1892.0
41.383702,2.116235,69.673,2026-06-01 13:46:59+00:00,-116.62926246297782,-10.065084827972527,5.0,3,5.468627897704708,1.0937255795409415,0.37470534055106,0.0032062842905373756,669.5379002116854,1897.0
41.383718,2.116295,69.351,2026-06-01 13:47:04+00:00,-111.62350188144977,-8.285966001698174,5.0,3,5.312523204427806,1.0625046408855612,0.34149007097706524,-0.0332152695739949,674.8504234161132,1902.0
41.38374,2.11636,69.218,2026-06-01 13:47:09+00:00,-106.20059458480269,-5.839677615747774,5.0,3,5.949138628008594,1.189827725601719,0.42377059409790646,0.08228052312084122,680.7995620441218,1907.0
41.383753,2.116418,68.414,2026-06-01 13:47:14+00:00,-101.36169268932225,-4.394143569311448,5.0,3,5.05020199927594,1.010040399855188,0.2902929353692049,-0.13347765872870143,685.8497640433977,1912.0
41.383762,2.116485,68.123,2026-06-01 13:47:19+00:00,-95.77192670659439,-3.3933892297973722,5.0,3,5.678643587135744,1.1357287174271486,0.1771564342804547,-0.1131365010887504,691.5284076305335,1917.0
41.383765,2.116546,67.854,2026-06-01 13:47:23+00:00,-90.68273678204253,-3.059804449959347,4.0,3,5.1001110667807765,1.2750277666951941,0.06545408272141438,-0.11170235155904029,696.6285186973142,1921.0
41.383762,2.116614,69.456,2026-06-01 13:47:28+00:00,-85.00954145625767,-3.3933892297973722,5.0,3,5.682994282052971,1.1365988564105942,-0.05873253156749407,-0.12418661428890854,702.3115129793672,1926.0
41.383773,2.116678,70.711,2026-06-01 13:47:33+00:00,-79.67006350266756,-2.1702450368221715,5.0,3,5.477782994395062,1.0955565988790124,0.2251902684912918,0.2839228000587859,707.7892959737623,1931.0
41.383801,2.116735,71.609,2026-06-01 13:47:37+00:00,-74.91459095021094,0.9432129095116037,4.0,3,5.684024945472816,1.421006236368204,0.5796795395231753,0.35448927103188366,713.4733209192351,1935.0
41.383839,2.116773,72.247,2026-06-01 13:47:41+00:00,-71.74427591523987,5.168620122443679,4.0,3,5.282514887443481,1.3206287218608703,0.9271044565470413,0.3474249170238659,718.7558358066785,1939.0
41.383878,2.116805,72.441,2026-06-01 13:47:45+00:00,-69.07453693841164,9.505222261752655,4.0,3,5.092506683260712,1.273126670815178,1.0189639491710294,0.09185949262398818,723.8483424899392,1943.0
41.383929,2.116823,72.192,2026-06-01 13:47:49+00:00,-67.57280876391674,15.176163520413732,4.0,3,5.866409657469914,1.4666024143674785,1.311927112507371,0.29296316333634165,729.7147521474092,1947.0
41.383978,2.11679,71.217,2026-06-01 13:47:54+00:00,-70.32597708376878,20.624714925613684,5.0,3,6.104641530224626,1.2209283060449252,2.0386771769361522,0.7267500644287814,735.8193936776338,1952.0
41.383999,2.116727,71.211,2026-06-01 13:47:59+00:00,-75.58202569440141,22.959808385187188,5.0,3,5.7514092588057215,1.1502818517611444,2.723515792174227,0.6848386152380748,741.5708029364395,1957.0
41.384035,2.116688,71.249,2026-06-01 13:48:04+00:00,-78.8357700723963,26.962825743950813,5.0,3,5.158585121125392,1.0317170242250784,2.2533073807392006,-0.47020841143502645,746.7293880575648,1962.0
41.384081,2.116656,71.526,2026-06-01 13:48:09+00:00,-81.50550904922453,32.07779237002006,5.0,3,5.769782473386504,1.1539564946773009,2.0518465998729836,-0.201460780866217,752.4991705309513,1967.0
41.384128,2.116638,71.892,2026-06-01 13:48:14+00:00,-83.00723722368626,37.30395392175889,5.0,3,5.437642142955469,1.0875284285910938,1.8506059435038116,-0.20124065636917177,757.9368126739068,1972.0
41.384178,2.116625,72.761,2026-06-01 13:48:19+00:00,-84.09181868299578,42.86370025475039,5.0,3,5.664547310164371,1.1329094620328743,1.7634542718126476,-0.087151671691164,763.6013599840712,1977.0
41.384225,2.116616,74.135,2026-06-01 13:48:24+00:00,-84.84268277024321,48.08986180719654,5.0,3,5.27982589199533,1.055965178399066,1.713493913245118,-0.049960358567529894,768.8811858760665,1982.0
41.38419,2.116659,73.686,2026-06-01 13:48:37+00:00,-81.2552210201531,44.19803937410249,13.0,3,5.293029723994917,0.4071561326149936,-0.8260695480468645,-2.5395634612919826,774.1742156000614,1995.0
41.384146,2.116689,73.914,2026-06-01 13:48:42+00:00,-78.75234072937249,39.30546260220169,5.0,3,5.4956089033810684,1.0991217806762137,-1.0979380816186426,-0.2718685335717783,779.6698245034424,2000.0
41.384099,2.116717,75.009,2026-06-01 13:48:47+00:00,-76.4163191246395,34.07930104975554,5.0,3,5.724487881902245,1.144897576380449,-1.1504515816746061,-0.05251350005596356,785.3943123853447,2005.0
41.384043,2.116719,77.135,2026-06-01 13:48:52+00:00,-76.24946043862505,27.852385157087987,5.0,3,6.229151094286785,1.2458302188573571,-1.544006376723161,-0.39355479504855495,791.6234634796315,2010.0
41.384006,2.116762,75.449,2026-06-01 13:48:57+00:00,-72.66199868850175,23.738172871947462,5.0,3,5.4586284482275325,1.0917256896455065,-0.8536861082383791,0.6903202684847818,797.082091927859,2015.0
41.384015,2.116825,70.58,2026-06-01 13:49:02+00:00,-67.40595007790229,24.738927211461537,5.0,3,5.350472525398183,1.0700945050796364,0.18814847409477717,1.0418345823331565,802.4325644532572,2020.0
41.384033,2.116889,70.445,2026-06-01 13:49:07+00:00,-62.06647212424584,26.740435891197013,5.0,3,5.70228566564669,1.1404571331293378,0.3586400385511235,0.17049156445634628,808.134850118904,2025.0
41.38404,2.116952,70.339,2026-06-01 13:49:11+00:00,-56.81042351364636,27.518800377249963,4.0,3,5.313369765989676,1.328342441497419,0.14702075692617225,-0.21161928162495114,813.4482198848937,2029.0
41.384064,2.117018,69.867,2026-06-01 13:49:16+00:00,-51.304086873942296,30.18747861736881,5.0,3,6.118953075406879,1.2237906150813758,0.4512971063953848,0.30427634946921245,819.5671729603006,2034.0
41.384079,2.117075,69.374,2026-06-01 13:49:20+00:00,-46.54861432148568,31.85540251655894,4.0,3,5.039492963648015,1.2598732409120037,0.33733193564991243,-0.1139651707454723,824.6066659239486,2038.0
41.384092,2.117135,68.85,2026-06-01 13:49:24+00:00,-41.54285373992447,33.300936563702585,4.0,3,5.210298233437653,1.3025745583594133,0.2811262592224914,-0.056205676427421025,829.8169641573863,2042.0
41.384109,2.117203,68.269,2026-06-01 13:49:29+00:00,-35.86965841420595,35.19125031635384,5.0,3,5.979835389642168,1.1959670779284335,0.3216313539891154,0.040505094766623895,835.7967995470285,2047.0
41.384123,2.117271,68.681,2026-06-01 13:49:34+00:00,-30.196463088454262,36.74797928916706,5.0,3,5.882903220258423,1.1765806440516846,0.26780899461418495,-0.05382235937493052,841.6797027672869,2052.0
41.384137,2.117328,68.861,2026-06-01 13:49:38+00:00,-25.440990535997646,38.30470826268761,4.0,3,5.003790992254432,1.250947748063608,0.31636067790672695,0.04855168329254189,846.6834937595413,2056.0
41.38416,2.117392,69.817,2026-06-01 13:49:43+00:00,-20.101512582341194,40.86219157501492,5.0,3,5.9203670249753895,1.1840734049950778,0.4466876246245218,0.130326946717795,852.6038607845167,2061.0
41.384179,2.117458,69.609,2026-06-01 13:49:48+00:00,-14.595175942670295,42.97489518183462,5.0,3,5.897733439182478,1.1795466878364955,0.36636385669551147,-0.08032376792901008,858.5015942236992,2066.0
41.384196,2.117524,70.01,2026-06-01 13:49:53+00:00,-9.088839302966226,44.865208934485864,5.0,3,5.821772004571282,1.1643544009142563,0.3306916885080228,-0.03567216818748875,864.3233662282704,2071.0
41.384217,2.117585,71.294,2026-06-01 13:49:58+00:00,-3.999649378414373,47.20030239335205,5.0,3,5.599331705641284,1.1198663411282568,0.43017596543543346,0.09948427692741069,869.9226979339116,2076.0
41.384241,2.117652,72.255,2026-06-01 13:50:03+00:00,1.590116604313504,49.8689806334709,5.0,3,6.194136525048958,1.2388273050097918,0.4454227588149049,0.015246793379471324,876.1168344589606,2081.0
41.384263,2.117719,73.96,2026-06-01 13:50:08+00:00,7.179882587041381,52.31526901871397,5.0,3,6.10162360404482,1.220324720808964,0.4125254214508709,-0.032897337364033774,882.2184580630054,2086.0
41.384284,2.117783,74.024,2026-06-01 13:50:13+00:00,12.519360540664662,54.65036247899479,5.0,3,5.827751391872798,1.1655502783745597,0.4122645317476618,-0.000260889703209255,888.0462094548782,2091.0
41.384299,2.117849,74.412,2026-06-01 13:50:18+00:00,18.02569718036873,56.31828637818492,5.0,3,5.753408843740995,1.150681768748199,0.29412428785001266,-0.1181402438976491,893.7996182986192,2096.0
41.384312,2.117912,74.459,2026-06-01 13:50:22+00:00,23.281745790968202,57.763820425328575,4.0,3,5.45120314044855,1.3628007851121375,0.2683875565722153,-0.025736731277797187,899.2508214390677,2100.0
41.384333,2.117967,72.975,2026-06-01 13:50:26+00:00,27.870359657377204,60.09891388419475,4.0,3,5.148595796587704,1.287148949146926,0.4707332075361802,0.20234565096396473,904.3994172356555,2104.0
41.384349,2.118033,71.294,2026-06-01 13:50:31+00:00,33.37669629708127,61.8780327104691,5.0,3,5.786623107456649,1.15732462149133,0.3125159840307375,-0.15821722350544265,910.1860403431122,2109.0
41.384359,2.118097,71.146,2026-06-01 13:50:35+00:00,38.716174250704555,62.989981977774725,4.0,3,5.45403116880447,1.3635077922011174,0.20531605650317475,-0.1071999275275628,915.6400715119166,2113.0
41.38437,2.118161,70.488,2026-06-01 13:50:39+00:00,44.055652204361,64.2131261700426,4.0,3,5.47778299430179,1.3694457485754474,0.22519026836272124,0.01987421185954652,921.1178545062185,2117.0
41.384367,2.118239,69.816,2026-06-01 13:50:43+00:00,50.56314096035078,63.87954139020457,4.0,3,6.516033203926523,1.6290083009816307,-0.051216845490652745,-0.27640711385337413,927.633887710145,2121.0
41.38442,2.118245,70.909,2026-06-01 13:50:52+00:00,51.063717018493634,69.77287250232678,9.0,3,5.914552222027749,0.6571724691141942,1.4860603095495473,1.5372771550401998,933.5484399321728,2130.0
41.38447,2.118231,68.266,2026-06-01 13:50:58+00:00,49.895706216160306,75.33261883461095,6.0,3,5.681111556175843,0.9468519260293071,1.7778684642130336,0.2918081546634861,939.2295514883486,2136.0
41.384515,2.118213,67.52,2026-06-01 13:51:05+00:00,48.393978041665406,80.33639053359597,7.0,3,5.224262505429375,0.7463232150613394,1.8623625149391179,0.08449405072608407,944.453813993778,2143.0
41.38456,2.118191,67.511,2026-06-01 13:51:10+00:00,46.55853249510844,85.34016223258101,5.0,3,5.3297834449383945,1.0659566889876788,1.9223695841906117,0.060007069251494016,949.7835974387164,2148.0
41.384607,2.118176,67.976,2026-06-01 13:51:15+00:00,45.30709234971813,90.56632378502715,5.0,3,5.3739061221574005,1.07478122443148,1.8058276690003447,-0.11654191519026691,955.1575035608738,2153.0
41.384659,2.118163,68.65,2026-06-01 13:51:20+00:00,44.22251089040862,96.34845997077247,5.0,3,5.882976781560789,1.1765953563121578,1.7562162715824083,-0.04961139741793641,961.0404803424346,2158.0
41.384722,2.118211,69.768,2026-06-01 13:51:27+00:00,48.22711935561779,103.35374034878564,7.0,3,8.069128957588994,1.1527327082269991,1.0514790085453132,-0.7047372630370949,969.1096093000236,2165.0
41.384737,2.118142,70.975,2026-06-01 13:51:37+00:00,42.47049468687546,105.0216642486831,10.0,3,5.993387832655404,0.5993387832655405,2.8595751637568663,1.8080961552115529,975.1029971326791,2175.0
41.384736,2.118064,69.631,2026-06-01 13:51:52+00:00,35.96300593085252,104.91046932159887,15.0,3,6.508438693079494,0.43389591287196627,-3.124507090914859,0.29910305250786084,981.6114358257586,2190.0
41.384708,2.118012,62.94,2026-06-01 13:52:01+00:00,31.624680093514943,101.79701137667973,9.0,3,5.339914928694168,0.5933238809660186,-2.5191101212784175,0.6053969696364416,986.9513507544527,2199.0
41.384682,2.118063,58.546,2026-06-01 13:53:53+00:00,35.87957658782871,98.90594328309976,112.0,3,5.14416357623275,0.045930031930649554,-0.5968131173638687,1.922297003914549,992.0955143306854,2311.0
41.384653,2.118127,60.588,2026-06-01 13:53:57+00:00,41.21905454145199,95.68129041109641,4.0,3,6.2376606962986125,1.5594151740746531,-0.5433017197516254,0.053511397612242995,998.333175026984,2315.0
41.38463,2.118195,64.816,2026-06-01 13:54:00+00:00,46.892249867203674,93.12380709806179,3.0,3,6.223011015624295,2.0743370052080983,-0.4235200125826541,0.11978170716897152,1004.5561860426083,2318.0
41.384655,2.118248,69.909,2026-06-01 13:54:05+00:00,51.31400504756506,95.90368026455754,5.0,3,5.222988961969559,1.0445977923939118,0.561241899533776,0.9847619121164302,1009.7791750045778,2323.0
41.384658,2.118312,69.776,2026-06-01 13:54:11+00:00,56.65348300122151,96.23726504439556,6.0,3,5.349888187889802,0.8916480313149671,0.062394074142077226,-0.4988478253916986,1015.1290631924676,2329.0
41.384632,2.118373,66.75,2026-06-01 13:54:16+00:00,61.74267292577336,93.34619695152291,5.0,3,5.853044404904713,1.1706088809809425,-0.5166183259803381,-0.5790124001224153,1020.9821075973723,2334.0
41.384593,2.118418,65.311,2026-06-01 13:54:45+00:00,65.49699336194428,89.00959481221393,29.0,3,5.735942821551639,0.1977911317776427,-0.8572415831835721,-0.34062325720323416,1026.718050418924,2363.0
41.38455,2.11844,64.896,2026-06-01 13:54:51+00:00,67.33243890850125,84.2282129659827,6.0,3,5.121569360444642,0.8535948934074403,-1.2042689778093372,-0.34702739462576515,1031.8396197793686,2369.0
41.384507,2.118473,64.37,2026-06-01 13:54:56+00:00,70.0856072283201,79.44683112045881,5.0,3,5.517385988850125,1.103477197770025,-1.0483533917227357,0.15591558608660172,1037.3570057682186,2374.0
41.384518,2.118541,63.258,2026-06-01 13:55:00+00:00,75.75880255407179,80.66997531343401,4.0,3,5.803552956675746,1.4508882391689366,0.21235013226180638,1.2607035239845423,1043.1605587248944,2378.0
41.384536,2.118598,61.945,2026-06-01 13:55:04+00:00,80.5142751065284,82.67148399316949,4.0,3,5.159511235788196,1.289877808947049,0.39838033730693406,0.18603020504512768,1048.3200699606825,2382.0
41.384559,2.118657,61.791,2026-06-01 13:55:09+00:00,85.43660634503264,85.22896730620411,5.0,3,5.547077223007199,1.10941544460144,0.47917878413568044,0.08079844682874615,1053.8671471836897,2387.0
41.384603,2.118686,61.64,2026-06-01 13:55:14+00:00,87.85605729278944,90.1215440781049,5.0,3,5.458117840203201,1.09162356804064,1.1115466096203963,0.6323678254847156,1059.3252650238928,2392.0
41.384655,2.118702,61.849,2026-06-01 13:55:19+00:00,89.19092678120356,95.90368026455754,5.0,3,5.934220709561109,1.1868441419122218,1.34391039294032,0.2323637833199239,1065.2594857334539,2397.0
41.384684,2.11876,61.802,2026-06-01 13:55:26+00:00,94.02982867668398,99.12833313656088,7.0,3,5.814925425059501,0.8307036321513573,0.5878192031463781,-0.756091189793942,1071.0744111585134,2404.0
41.384699,2.118817,61.322,2026-06-01 13:55:31+00:00,98.7853012291406,100.79625703645834,5.0,3,5.039492963882127,1.0078985927764255,0.33733193578235915,-0.25048726736401905,1076.1139041223955,2409.0
41.384711,2.118879,60.609,2026-06-01 13:55:36+00:00,103.95792049674944,102.13059615651775,5.0,3,5.3419519817159635,1.0683903963431927,0.2524581416954889,-0.08487379408687001,1081.4558561041115,2414.0
41.384725,2.118941,60.346,2026-06-01 13:55:41+00:00,109.13053976432509,103.68732512933099,5.0,3,5.401795551674558,1.0803591103349117,0.29233330309601013,0.039875161400521275,1086.857651655786,2419.0
41.384746,2.119005,60.71,2026-06-01 13:55:46+00:00,114.47001771798155,106.02241858890449,5.0,3,5.827751391619779,1.165550278323956,0.4122645316341783,0.11993122853816818,1092.6854030474058,2424.0
41.384764,2.119067,62.661,2026-06-01 13:55:51+00:00,119.64263698552404,108.02392726793263,5.0,3,5.5463525923959045,1.109270518479181,0.36919989266883774,-0.04306463896534041,1098.2317556398016,2429.0
41.384778,2.119128,63.086,2026-06-01 13:55:56+00:00,124.73182691010906,109.58065624074587,5.0,3,5.321960088472471,1.064392017694494,0.2968510672268024,-0.07234882544203547,1103.553715728274,2434.0
41.384821,2.11917,63.51,2026-06-01 13:56:02+00:00,128.23585931717537,114.3620380869771,6.0,3,5.927887943377508,0.9879813238962513,0.938362316758957,0.6415112495321544,1109.4816036716516,2440.0
41.384865,2.119191,63.018,2026-06-01 13:56:07+00:00,129.98787552070854,119.2546148588779,5.0,3,5.196813277998943,1.0393626555997886,1.2269265900272002,0.2885642732682432,1114.6784169496505,2445.0
41.384874,2.119251,61.535,2026-06-01 13:56:13+00:00,134.99363610226976,120.25536919980662,6.0,3,5.104816181881557,0.8508026969802596,0.19731915144635964,-1.0296074385808405,1119.783233131532,2451.0
41.384865,2.119311,61.071,2026-06-01 13:56:18+00:00,139.99939668383095,119.2546148588779,5.0,3,5.104816181881529,1.0209632363763057,-0.19731915144636072,-0.3946383028927203,1124.8880493134134,2456.0
41.384848,2.119378,60.14,2026-06-01 13:56:23+00:00,145.58916266652568,117.36430110622665,5.0,3,5.900743158683797,1.1801486317367593,-0.32610084659341637,-0.1287816951470555,1130.7887924720972,2461.0
41.384829,2.119444,59.413,2026-06-01 13:56:28+00:00,151.09549930622973,115.25159750082159,5.0,3,5.897733438706668,1.1795466877413336,-0.36636385646955455,-0.04026300987613807,1136.6865259108038,2466.0
41.384802,2.119507,59.043,2026-06-01 13:56:33+00:00,156.35154791682922,112.24933448086472,5.0,3,6.05306783688944,1.210613567377888,-0.5189749448963189,-0.1526110884267644,1142.739593747693,2471.0
41.384778,2.119573,58.407,2026-06-01 13:56:38+00:00,161.85788455650012,109.58065624074587,5.0,3,6.11895307537704,1.223790615075408,-0.4512971063977489,0.0676778384985699,1148.8585468230701,2476.0
41.384752,2.119634,57.709,2026-06-01 13:56:43+00:00,166.94707448108514,106.68958814858054,5.0,3,5.853044404584172,1.1706088809168345,-0.5166183258724647,-0.0653212194747157,1154.7115912276543,2481.0
41.384723,2.11968,57.383,2026-06-01 13:56:47+00:00,170.7848242602467,103.46493527586986,4.0,3,5.012654936950657,1.2531637342376643,-0.6988038809700108,-0.1821855550975462,1159.724246164605,2485.0
41.384708,2.119752,57.287,2026-06-01 13:56:52+00:00,176.7917369580936,101.79701137667973,5.0,3,6.234177595564946,1.2468355191129892,-0.2708443869261531,0.4279594940438578,1165.9584237601698,2490.0
41.384691,2.119818,57.168,2026-06-01 13:56:57+00:00,182.29807359779767,99.90669762261383,5.0,3,5.821772005030621,1.1643544010061242,-0.3306916887378505,-0.059847301811697395,1171.7801957652005,2495.0
41.38467,2.119876,57.423,2026-06-01 13:57:01+00:00,187.1369754932781,97.57160416374766,4.0,3,5.372860785068202,1.3432151962670504,-0.4496040454310186,-0.11891235669316824,1177.1530565502687,2499.0
41.384681,2.11994,58.097,2026-06-01 13:57:05+00:00,192.47645344693456,98.79474835672286,4.0,3,5.477782994459737,1.3694457486149343,0.2251902684885867,0.6747943139196053,1182.6308395447284,2503.0
41.384692,2.12,58.275,2026-06-01 13:57:09+00:00,197.4822140284626,100.01789254969806,4.0,3,5.153030246019229,1.2882575615048073,0.23965146057975492,0.01446119209116814,1187.7838697907475,2507.0
41.384705,2.12007,58.792,2026-06-01 13:57:14+00:00,203.3222680402619,101.46342659613438,5.0,3,6.016294502444129,1.2032589004888259,0.2426438125140641,0.0029923519343091343,1193.8001642931918,2512.0
41.384722,2.120126,58.868,2026-06-01 13:57:18+00:00,207.9943112496947,103.35374034878564,4.0,3,5.039967642184792,1.259991910546198,0.38446652604098236,0.14182271352691833,1198.8401319353766,2516.0
41.384745,2.120186,58.737,2026-06-01 13:57:23+00:00,213.00007183122275,105.91122366252759,5.0,3,5.621241846749576,1.1242483693499152,0.4723359103121777,0.08786938427119528,1204.4613737821262,2521.0
41.384764,2.120242,59.045,2026-06-01 13:57:28+00:00,217.67211504065557,108.02392726793263,5.0,3,5.1275241857156315,1.0255048371431263,0.42468294782333127,-0.04765296248884621,1209.5888979678418,2526.0
41.384739,2.120297,59.047,2026-06-01 13:57:35+00:00,222.26072890706456,105.24405410285154,7.0,3,5.364985743591392,0.7664265347987703,-0.5446877847539087,-0.9693707325772398,1214.9538837114333,2533.0
41.38469,2.120315,56.711,2026-06-01 13:57:41+00:00,223.7624570815263,99.79550269623694,6.0,3,5.65171654813775,0.9419527580229583,-1.3018540650632908,-0.7571662803093822,1220.605600259571,2539.0
41.384641,2.120332,56.109,2026-06-01 13:57:46+00:00,225.18075591296423,94.34695129103699,5.0,3,5.630122910768874,1.1260245821537747,-1.3161402543144995,-0.014286189251208725,1226.23572317034,2544.0
41.384594,2.120359,56.376,2026-06-01 13:57:51+00:00,227.4333481746734,89.12078973859083,5.0,3,5.690952158451031,1.1381904316902063,-1.1638358010307526,0.15230445328374698,1231.926675328791,2549.0
41.384545,2.120381,56.77,2026-06-01 13:57:56+00:00,229.26879372123037,83.67223833339088,5.0,3,5.74939760057366,1.149879520114732,-1.245867469619426,-0.0820316685886735,1237.6760729293646,2554.0
41.384504,2.120405,57.251,2026-06-01 13:58:00+00:00,231.27109795383495,79.11324634062078,4.0,3,4.9793202578311995,1.2448300644577999,-1.1569608198083814,0.08890664981104468,1242.6553931871958,2558.0
41.384462,2.120428,57.596,2026-06-01 13:58:04+00:00,233.18997284341572,74.44305942147378,4.0,3,5.049032253970589,1.2622580634926472,-1.1809480772646637,-0.023987257456282052,1247.7044254411664,2562.0
41.384409,2.120445,58.36,2026-06-01 13:58:09+00:00,234.60827167485365,68.54972830935158,5.0,3,6.061594111483024,1.2123188222966048,-1.3346258187406372,-0.15367774147597357,1253.7660195526494,2567.0
41.384364,2.120422,58.218,2026-06-01 13:58:14+00:00,232.68939678527286,63.54595661036655,5.0,3,5.359086867874713,1.0718173735749426,-1.9369856810717094,-0.6023598623310722,1259.1251064205242,2572.0
41.384318,2.120432,56.975,2026-06-01 13:58:19+00:00,233.52369021554412,58.43098998500462,5.0,3,5.182560091919842,1.0365120183839684,-1.4091118444089505,0.5278738366627591,1264.307666512444,2577.0
41.384292,2.120381,58.191,2026-06-01 13:58:24+00:00,229.26879372123037,55.53992189213197,5.0,3,5.144163575835218,1.0288327151670438,-2.544779536339654,-1.1356676919307036,1269.4518300882792,2582.0
41.384288,2.120317,58.91,2026-06-01 13:58:29+00:00,223.9293157675739,55.095142185209724,5.0,3,5.3579710530454685,1.0715942106090937,-3.058484303279357,-0.513704766939703,1274.8098011413247,2587.0
41.384299,2.120233,59.813,2026-06-01 14:00:40+00:00,216.9212509534081,56.31828637818492,131.0,4,,,2.96879936836637,-0.2559016355338599,1274.8098011413247,2718.0
41.384276,2.120175,60.443,2026-06-01 14:00:45+00:00,212.08234905796087,53.76080306585762,5.0,4,5.47317937277735,1.09463587455547,-2.655385876664937,0.6590000621482792,1280.282980514102,2723.0
41.38426,2.120118,58.807,2026-06-01 14:01:04+00:00,207.32687650550423,51.98168423887595,19.0,4,5.077379540441023,0.2672305021284749,-2.7835934484597917,-0.12820757179485476,1285.360360054543,2742.0
41.384236,2.120064,58.009,2026-06-01 14:01:09+00:00,202.82169198211903,49.31300600017175,5.0,4,5.236270727481808,1.0472541454963618,-2.606811853456316,0.1767815950034759,1290.5966307820247,2747.0
41.384214,2.120003,58.643,2026-06-01 14:01:14+00:00,197.73250205753402,46.86671761351402,5.0,4,5.646607916191285,1.129321583238257,-2.6935175138472607,-0.08670566039094485,1296.243238698216,2752.0
41.384202,2.119935,59.267,2026-06-01 14:01:20+00:00,192.05930673178233,45.53237849416192,6.0,4,5.828001895123593,0.9713336491872654,-2.9105905708450655,-0.21707305699780477,1302.0712405933396,2758.0
41.384189,2.119869,59.438,2026-06-01 14:01:25+00:00,186.55297009211145,44.086844447725596,5.0,4,5.692917693835783,1.1385835387671566,-2.884863819785322,0.025726751059743425,1307.7641582871754,2763.0
41.384157,2.119826,61.723,2026-06-01 14:01:36+00:00,182.9655083420213,40.52860679517689,11.0,4,5.05281476014856,0.4593467963771418,-2.3602842136696514,0.5245796061156707,1312.816973047324,2774.0
41.38413,2.119769,60.327,2026-06-01 14:01:40+00:00,178.21003578953153,37.52634377522001,4.0,4,5.623886773263153,1.4059716933157882,-2.5784557958553607,-0.2181715821857093,1318.440859820587,2778.0
41.384108,2.119712,59.485,2026-06-01 14:01:49+00:00,173.45456323707492,35.08005538926962,9.0,4,5.347788894898898,0.5941987660998775,-2.6664793312639623,-0.08802353540860164,1323.788648715486,2787.0
41.384104,2.119648,59.862,2026-06-01 14:02:11+00:00,168.11508528345163,34.63527568305469,22.0,4,5.357971052953699,0.2435441387706227,-3.0584843034104,-0.3920049721464376,1329.1466197684397,2809.0
41.384102,2.119574,59.228,2026-06-01 14:02:15+00:00,161.9413138995571,34.41288582959356,4.0,4,6.177775517734328,1.544443879433582,-3.1055865033639822,-0.047102199953582335,1335.324395286174,2813.0
41.38409,2.1195,59.297,2026-06-01 14:02:20+00:00,155.76754251562937,33.07854671024146,5.0,4,6.316321238382202,1.2632642476764404,-2.9287363755545384,0.17685012780944387,1341.6407165245562,2818.0
41.384077,2.119434,59.456,2026-06-01 14:02:24+00:00,150.26120587595847,31.633012663097816,4.0,4,5.692917694015413,1.4232294235038532,-2.8848638196651493,0.0438725558893891,1347.3336342185717,2822.0
41.384063,2.119372,60.759,2026-06-01 14:02:28+00:00,145.08858660834966,30.07628369028459,4.0,4,5.401795551706304,1.350448887926576,-2.849259350495553,0.03560446916959625,1352.735429770278,2826.0
41.384049,2.119303,61.314,2026-06-01 14:02:32+00:00,139.3319619396073,28.51955471747136,4.0,4,5.963399422440951,1.4908498556102376,-2.8774857510943863,-0.0282264005988333,1358.698829192719,2830.0
41.384035,2.119242,61.609,2026-06-01 14:02:36+00:00,134.2427720150223,26.962825743950813,4.0,4,5.321960088679354,1.3304900221698386,-2.8447415862358976,0.032744164858488745,1364.0207892813983,2834.0
41.384009,2.119193,60.997,2026-06-01 14:02:45+00:00,130.15473420678933,24.071757651785486,9.0,4,5.007027844448109,0.5563364271609009,-2.5260495373547514,0.3186920488811462,1369.0278171258465,2843.0
41.38399,2.119139,60.971,2026-06-01 14:02:51+00:00,125.64954968340413,21.959054044965786,6.0,4,4.975962632498205,0.8293271054163674,-2.7030926219584113,-0.17704308460365992,1374.0037797583448,2849.0
41.383987,2.119071,61.292,2026-06-01 14:02:57+00:00,119.97635435765244,21.625469265127762,6.0,4,5.682994282019861,0.9471657136699768,-3.0828601220219567,-0.3797675000635454,1379.6867740403645,2855.0
41.383996,2.119009,61.677,2026-06-01 14:03:03+00:00,114.80373509007678,22.62622360534916,6.0,4,5.268538633887662,0.8780897723146103,2.9504823186355664,-0.24984286652206222,1384.9553126742521,2861.0
41.384025,2.118959,61.521,2026-06-01 14:03:08+00:00,110.63226793878682,25.85087647805984,5.0,4,5.272525423719871,1.054505084743974,2.4835169867392692,-0.4669653318962972,1390.227838097972,2866.0
41.384064,2.118907,61.189,2026-06-01 14:03:13+00:00,106.29394210144925,30.18747861736881,5.0,4,6.134100519682568,1.2268201039365136,2.356393189018498,-0.12712379772077131,1396.3619386176545,2871.0
41.384109,2.118875,60.916,2026-06-01 14:03:17+00:00,103.6242031246542,35.19125031635384,4.0,4,5.671440506589323,1.4178601266473307,2.060918680736338,-0.29547450828215993,1402.0333791242438,2875.0
41.384156,2.118849,60.622,2026-06-01 14:03:21+00:00,101.45504020596883,40.41741186809267,4.0,4,5.658447873107333,1.4146119682768332,1.964216415912431,-0.09670226482390731,1407.6918269973512,2879.0
41.3842,2.118828,60.681,2026-06-01 14:03:25+00:00,99.70302400243567,45.309988640700794,4.0,4,5.1968132786648455,1.2992033196662114,1.9146660635167048,-0.049550352395725916,1412.888640276016,2883.0
41.384254,2.118813,61.073,2026-06-01 14:03:30+00:00,98.45158385704536,51.314514679199895,5.0,4,6.1335499822295585,1.2267099964459116,1.7762710777465212,-0.1383949857701836,1419.0221902582457,2888.0
41.384299,2.118782,61.485,2026-06-01 14:03:35+00:00,95.86527422324095,56.31828637818492,5.0,4,5.63264846563968,1.126529693127936,2.0478502739849933,0.27157919623847215,1424.6548387238854,2893.0
41.384315,2.118714,61.413,2026-06-01 14:03:40+00:00,90.19207889752244,58.097405205166595,5.0,4,5.945620993998439,1.189124198799688,2.8377051980895636,0.7898549241045703,1430.600459717884,2898.0
41.384311,2.118639,61.109,2026-06-01 14:03:45+00:00,83.93487817057091,57.65262549824435,5.0,4,6.272988914787951,1.2545977829575903,-3.0706291563886317,0.374850952701391,1436.8734486326719,2903.0
41.38431,2.11857,60.859,2026-06-01 14:03:50+00:00,78.17825350182859,57.541430571867444,5.0,4,5.757698488842966,1.1515396977685932,-3.1222790615727543,-0.0516499051841226,1442.631147121515,2908.0
41.38434,2.118513,60.723,2026-06-01 14:03:55+00:00,73.42278094937197,60.877278370955025,5.0,4,5.808820855891993,1.1617641711783986,2.5298770629753267,-0.6310291826315044,1448.439967977407,2913.0
41.384389,2.118482,60.884,2026-06-01 14:04:00+00:00,70.83647131556755,66.32582977615498,5.0,4,6.031227896292421,1.2062455792584843,2.0139822293517913,-0.5158948336235354,1454.4711958736993,2918.0
41.384442,2.118459,61.279,2026-06-01 14:04:05+00:00,68.91759642598677,72.2191608889845,5.0,4,6.197857085098701,1.2395714170197403,1.8855717729623758,-0.12841045638941573,1460.6690529587981,2923.0
41.384494,2.118432,61.553,2026-06-01 14:04:10+00:00,66.6650041642776,78.00129707402247,5.0,4,6.205422689860657,1.2410845379721314,1.9422859422070615,0.05671416924468575,1466.8744756486587,2928.0
41.384548,2.11841,61.591,2026-06-01 14:04:15+00:00,64.82955861772064,84.0058231132289,5.0,4,6.27878915953417,1.2557578319068339,1.8674532123587375,-0.07483272984832379,1473.153264808193,2933.0
41.384592,2.118397,61.678,2026-06-01 14:04:19+00:00,63.74497715837795,88.8983998851297,4.0,4,5.011349559838471,1.2528373899596177,1.7889475413071494,-0.07850567105158834,1478.1646143680314,2937.0
41.384641,2.118368,61.894,2026-06-01 14:04:24+00:00,61.32552621062115,94.34695129103699,5.0,4,5.961581611570498,1.1923163223140996,1.9886945528349522,0.19974701152780305,1484.1261959796018,2942.0
41.384692,2.118351,62.213,2026-06-01 14:04:29+00:00,59.907227379216394,100.01789254969806,5.0,4,5.845609149981594,1.1691218299963189,1.8158685116618034,-0.17282604117314904,1489.9718051295833,2947.0
41.384746,2.118334,63.531,2026-06-01 14:04:34+00:00,58.48892854777847,106.02241858890449,5.0,4,6.169757250554205,1.2339514501108408,1.8027498787747553,-0.013118632887048065,1496.1415623801377,2952.0
41.384791,2.118322,64.461,2026-06-01 14:04:38+00:00,57.4877764314596,111.02619028788952,4.0,4,5.102943932238853,1.2757359830597133,1.7682683233009786,-0.03448155547377674,1501.2445063123764,2956.0
41.384837,2.118308,65.507,2026-06-01 14:04:42+00:00,56.319765629093105,116.14115691325144,4.0,4,5.246630615262627,1.3116576538156568,1.7952985694017416,0.027030246100762767,1506.491136927639,2960.0
41.384891,2.118294,66.509,2026-06-01 14:04:47+00:00,55.15175482675978,122.14568295245786,5.0,4,6.117073008381977,1.2234146016763954,1.7629188144066,-0.032379754995141674,1512.608209936021,2965.0
41.384946,2.118273,67.415,2026-06-01 14:04:52+00:00,53.39973862319345,128.26140391733387,5.0,4,6.361729615268387,1.2723459230536773,1.8498014190156618,0.08688260460906161,1518.9699395512894,2970.0
41.384991,2.118258,68.049,2026-06-01 14:04:56+00:00,52.14829847783631,133.26517561631888,4.0,4,5.1578904266158,1.28947260665395,1.815868511653975,-0.03393290736168675,1524.127829977905,2974.0
41.385043,2.118243,69.35,2026-06-01 14:05:01+00:00,50.896858332446016,139.04731180277153,5.0,4,5.91601228161163,1.183202456322326,1.7839409535416821,-0.031927558112292864,1530.0438422595166,2979.0
41.385095,2.118229,69.675,2026-06-01 14:05:06+00:00,49.72884753007952,144.8294479878095,5.0,4,5.898927707369375,1.179785541473875,1.7701174276802154,-0.013823525861466734,1535.942769966886,2984.0
41.38514,2.118215,70.889,2026-06-01 14:05:10+00:00,48.56083672774619,149.83321968679454,4.0,4,5.13828575012436,1.28457143753109,1.8001162141125355,0.029998786432320124,1541.0810557170105,2988.0
41.385184,2.118197,71.567,2026-06-01 14:05:14+00:00,47.05910855325129,154.72579645940266,4.0,4,5.117860391407361,1.2794650978518403,1.868607993158006,0.06849177904547066,1546.1989161084177,2992.0
41.38523,2.118163,72.554,2026-06-01 14:05:20+00:00,44.22251089040862,159.84076308476457,6.0,4,5.848860562486574,0.9748100937477623,2.0771400006026357,0.20853200744462974,1552.0477766709043,2998.0
41.385243,2.118091,71.82,2026-06-01 14:05:30+00:00,38.2155981925617,161.2862971312009,10.0,4,6.178395328801904,0.6178395328801904,2.9054378057739627,0.828297805171327,1558.2261719997061,3008.0
41.385229,2.118025,71.439,2026-06-01 14:05:35+00:00,32.70926155285763,159.72956815838768,5.0,4,5.722162902656968,1.1444325805313935,-2.8660672681469155,0.5116802332587085,1563.948334902363,3013.0
41.385215,2.117956,70.965,2026-06-01 14:05:40+00:00,26.952636884082136,158.17283918557445,5.0,4,5.963399422472953,1.1926798844945907,-2.8774857510958367,-0.011418482948921227,1569.911734324836,3018.0
41.385196,2.117891,70.468,2026-06-01 14:05:43+00:00,21.529729587435046,156.06013557875477,3.0,4,5.819917531915476,1.9399725106384922,-2.7700935972139615,0.10739215388187517,1575.7316518567516,3021.0
41.385183,2.117825,66.714,2026-06-01 14:05:47+00:00,16.023392947730976,154.61460153231843,4.0,4,5.6929176938678925,1.4232294234669731,-2.8848638197868,-0.11477022257283842,1581.4245695506195,3025.0
41.385154,2.117767,64.809,2026-06-01 14:05:51+00:00,11.18449105225055,151.38994865960774,4.0,4,5.814925425451763,1.4537313563629408,-2.5537734503421903,0.3310903694446097,1587.2394949760712,3029.0
41.385175,2.1177,63.678,2026-06-01 14:05:56+00:00,5.5947250695558415,153.72504211918127,5.0,4,6.0578994054237985,1.2115798810847598,2.745883576554514,-0.9835282802828829,1593.297394381495,3034.0
41.385222,2.117677,63.532,2026-06-01 14:06:01+00:00,3.675850179941897,158.9512036716274,5.0,4,5.567301448121631,1.1134602896243262,1.9226822277562803,-0.8232013487982339,1598.8646958296167,3039.0
41.38527,2.117695,63.633,2026-06-01 14:06:05+00:00,5.177578354403628,164.28856015045045,4.0,4,5.544597522995375,1.3861493807488436,1.2965252829577605,-0.6261569447985198,1604.4092933526122,3043.0
41.385254,2.117637,62.028,2026-06-01 14:06:39+00:00,0.3386764589232004,162.5094413241761,34.0,4,5.155602326798287,0.15163536255289078,-2.7892637620354233,2.1973962621864027,1609.5648956794105,3077.0
41.385203,2.117637,54.422,2026-06-01 14:06:45+00:00,0.3386764589232004,156.8385000648077,6.0,4,5.670941259368391,0.9451568765613985,-1.5707963267948966,1.2184674352405267,1615.235836938779,3083.0
41.385156,2.117638,53.29,2026-06-01 14:06:49+00:00,0.42210580194700936,151.6123385130689,4.0,4,5.226827433553782,1.3067068583884456,-1.5548338931492534,0.01596243364564298,1620.4626643723327,3087.0
41.385114,2.117675,52.037,2026-06-01 14:06:56+00:00,3.5089914938942792,146.94215159392186,7.0,4,5.598170159518268,0.7997385942168954,-0.9867431404201324,0.568090752729121,1626.060834531851,3094.0
41.385069,2.117694,50.023,2026-06-01 14:07:01+00:00,5.094149011379819,141.93837989493684,5.0,4,5.248852786162358,1.0497705572324716,-1.264005615321517,-0.27726247490138434,1631.3096873180134,3099.0
41.385028,2.117718,50.262,2026-06-01 14:07:06+00:00,7.096453243984403,137.37938790216674,5.0,4,4.979320257831199,0.9958640515662397,-1.1569608198083818,0.10704479551313506,1636.2890075758446,3104.0
