group,x_m,y_m
Group 1,-104.8252703795606,124.04510624065934
Group 1,-104.99212989210594,81.79103411558253
Group 1,-104.241262085768,76.6760674902206
Group 1,-98.06746012268503,74.78575373756935
Group 1,-93.31196401598868,72.56185520437275
Group 1,-87.38845132167397,73.67380447026373
Group 1,-81.96551716492894,76.00889793054455
Group 1,-92.8948152346751,68.5588378449018
Group 1,-86.72101327162528,75.4529232972454
Group 1,-92.2273771846264,72.22827042453473
Group 1,-96.89944353506668,68.6700327712787
Group 1,-101.2377908604826,64.8894052659762
Group 1,-107.07787379854123,62.6655067327796
Group 1,-113.50196503039245,61.44236253980439
Group 1,-127.10101530043283,53.547522747946715
Group 1,-118.25746113708881,58.88487922676977
Group 1,-123.59696553761093,57.43934518033345
Group 1,-129.85419725695,57.21695532757964
Group 1,-129.35361871941348,51.10123436199632
Group 1,-132.02337091964137,45.31909817695834
Group 1,-134.69312311990242,39.536961990505716
Group 1,-133.94225531359766,34.08841058530576
Group 1,-133.02452799474756,28.528664253021585
Group 1,-132.44051970092178,23.41369762765966
Group 1,-131.60622213832778,18.076341148836605
Group 1,-126.85072603163141,13.962128862281432
Group 1,-121.84494065616681,11.293450623577229
Group 1,-118.25746113708881,7.846407897405427
Group 1,-115.25398991180342,2.5090514185823753
Group 1,-113.41853527413637,-2.9394999873249006
Group 1,-111.66651039272541,-8.610441246693302
Group 1,-108.7464689236961,-13.503018018594105
Group 1,-107.07787379854123,-19.062764350878282
Group 1,-105.65956794215462,-24.06653604986331
Group 1,-99.31890646655948,-44.41520762564144
Group 1,-101.82179915430837,-36.74275768724489
Group 1,-98.31774939145329,-40.634580119631615
Group 1,-98.73489817273372,-45.860741672077765
Group 1,-96.98287329132276,-51.53168293073884
Group 1,-93.97940206603737,-55.86828507004782
Group 1,-92.81138547845217,-61.094446621786645
Group 1,-90.97593084078513,-66.65419295477815
Group 1,-88.389608396747,-71.9915494336012
Group 1,-86.88787278413746,-76.77293127983242
Group 1,-85.46956692771768,-81.77670297881745
Group 1,-84.05126107136422,-86.89166960417938
Group 1,-82.38266594620936,-91.78424637678751
Group 1,-80.1300625272619,-96.45443329522718
Group 1,-80.29692203974089,-102.01417962751135
Group 1,-75.6248556893338,-104.90524772038401
Group 1,-71.1196488514057,-100.67984050815926
Group 1,-66.36415274470934,-97.23279778198746
Group 1,-60.27378053784929,-94.67531446895283
Group 1,-56.185722481234784,-91.45066159624216
Group 1,-59.189193706520186,-87.11405945764051
Group 1,-60.94121858793114,-80.66475371221915
Group 1,-62.693243469308925,-74.99381245285075
Group 1,-62.94353273807718,-68.54450670742939
Group 1,-64.77898737581056,-63.763124861905496
Group 1,-67.28188006352627,-58.648158236543566
Group 1,-67.6990288448067,-53.19960683063629
Group 1,-69.45105372621765,-48.52941991148929
Group 1,-71.20307860762861,-43.19206343266624
Group 1,-67.03159079475802,-47.973445278897465
Group 1,-70.95278933886036,-44.52640255272566
Group 1,-76.20886398309322,-43.74803806596539
Group 1,-70.7025000700921,-45.860741672077765
Group 1,-65.69671469462749,-46.52791123175382
Group 1,-60.524069806650715,-46.52791123175382
Group 1,-53.93311906225415,-47.19508079213719
Group 1,-47.759317099171184,-47.639860498352114
Group 1,-42.33638294239298,-48.751809764950416
Group 1,-37.1637380544162,-48.30703005873549
Group 1,-30.82307657882106,-49.19658947116534
Group 1,-25.733861447100367,-48.86300469132732
Group 1,-19.22634045895989,-48.30703005873549
Group 1,-13.88683605843777,-48.64061483857351
Group 1,-8.964480439262415,-46.75030108592226
Group 1,-3.3746867699720413,-45.304767038778614
Group 1,1.7145283617818219,-44.85998733256369
Group 1,7.3877517872951115,-44.41520762564144
Group 1,12.72725618778406,-47.30627571851409
Group 1,18.40047961336369,-47.19508079213719
Group 1,24.49085182019057,-45.63835181861664
Group 1,29.99721573319169,-45.63835181861664
Group 1,42.42824941561371,-43.74803806596539
Group 1,47.85118357239192,-42.63608879936709
Group 1,53.357547485393034,-44.41520762564144
Group 1,57.028456760760285,-49.30778439824957
Group 1,60.94965530486262,-52.532437270960244
Group 1,72.46296166846771,-55.53470029020979
Group 1,76.96816850639581,-58.20337852962132
Group 1,82.39110266314084,-59.31532779621962
Group 1,87.73060706362979,-60.53847198919482
Group 1,90.90093780142736,-65.76463354093364
Group 1,93.65411975797767,-71.7691595808474
Group 1,96.99131000825425,-76.43934649928707
Group 1,101.99709538375203,-74.66022767301273
Group 1,106.91945100296054,-72.54752406690035
Group 1,112.42581491599483,-70.87960016771022
Group 1,117.6818895602277,-68.98928641435165
Group 1,123.27168322951808,-65.98702339439477
Group 1,129.02833641128746,-63.763124861905496
Group 1,134.45127056806564,-61.65042125579312
Group 1,139.1233369185059,-59.426522722596516
Group 1,144.46284131902803,-58.648158236543566
Group 1,149.46862669449266,-56.64664955680809
Group 1,152.47209791977804,-61.87281110925424
Group 1,153.72354426365249,-67.0989726617004
Group 1,155.39213938880735,-72.21393928706232
Group 1,148.88461840066688,-82.5550674648704
Group 1,159.98077598299153,-75.10500737922766
Group 1,169.57519795264034,-75.7721769389037
Group 1,174.16383454682452,-69.32287119418967
Group 1,179.58676870360273,-69.7676509004046
Group 1,184.425694566522,-67.43255744153842
Group 1,189.01433116073935,-65.31985383471873
Group 1,187.01201701056013,-59.31532779621962
Group 1,178.00160333470393,-60.872056769032845
Group 1,183.59139700396113,-56.75784448389231
Group 1,189.2646204295076,-55.75709014296359
Group 1,184.17540529775374,-56.201869849885846
Group 1,181.7559423662941,-61.094446621786645
Group 1,181.25536382872443,-67.87733714775335
Group 1,178.9193306535209,-73.99305811333667
Group 1,181.58908285378195,-65.87582846801787
Group 1,184.258835054043,-58.20337852962132
Group 1,181.50565309749268,-62.98476037514522
Group 1,185.6771409104296,-66.54299802840124
Group 1,181.3387935850137,-59.87130242951877
Group 1,182.59023992885494,-54.75633580344952
Group 1,184.67598383532342,-49.974953957925614
Group 1,187.26230627932839,-45.304767038778614
Group 1,191.35036433594288,-40.96816489946964
Group 1,195.52185214884665,-37.74351202746629
Group 1,200.69449703682344,-34.74124900750941
Group 1,213.8763985255834,-26.62401936219061
Group 1,212.04094388791634,-32.07257076809788
Group 1,216.62958048210052,-28.514333115549185
Group 1,221.55193610130905,-25.067290389377384
Group 1,226.724580989319,-23.844146196402182
Group 1,229.72805221457125,-10.500754999344553
Group 1,236.73615174024823,-17.839620157195757
Group 1,202.9471004557709,-35.408418567185464
Group 1,235.15098637134943,3.9545854643113776
Group 1,235.06755661509337,11.627035403415253
Group 1,229.81148197082732,10.181501356271605
Group 1,-34.49398585418831,131.82875110614012
Group 1,-38.33175464203456,128.2705134535914
Group 2,-26.15101022838079,137.61088729188543
Group 2,-24.06526632191233,131.05038661937985
Group 2,-22.563530709302796,126.26900477314862
Group 2,-27.068737547230896,130.16082720624266
Group 2,-21.478943877940523,132.49592066581616
Group 2,-36.746589273135775,195.54344407359338
Group 2,-33.65968829159429,191.2068419342844
Group 2,-66.6144420134776,-126.14347870929932
Group 2,-69.45105372621765,-121.91807149707456
Group 2,-72.70481422030448,-117.6926642841425
Group 2,-74.28997958920327,-111.79933317202028
Group 2,-71.53679763268612,-106.46197669319723
Group 2,-67.28188006352627,-102.45895933443362
Group 2,-62.693243469308925,-98.78952675480068
Group 2,-57.93774736261257,-96.45443329522718
Group 2,-53.0988214996933,-93.22978042251651
Group 2,-55.017705893583255,-88.00361887007035
Group 2,-57.27030931256389,-83.33343195163067
Group 2,-63.02696249436644,-83.33343195163067
Group 2,-67.03159079475802,-79.2192196650755
Group 2,-69.28419421373866,-74.3266428931747
Group 2,-64.36183859449696,-75.6609820125268
Group 2,-60.35721029410537,-79.55280444491353
Group 2,-58.35489614392616,-84.77896599735968
Group 2,-55.85200345617728,-89.56034784288359
Group 2,-59.02233419397484,-94.3417296891148
Group 2,-63.694400544448285,-97.56638256182548
Group 2,-68.6167561636568,-100.23506080194433
Group 2,-73.28882251406391,-102.12537455459558
Group 2,-76.70944252062974,-106.57317162028146
Group 2,-76.79287227691898,-111.79933317202028
Group 2,-78.54489715836311,-117.13668965155067
Group 2,-80.79750057731057,-121.91807149707456
Group 2,-83.55068253382773,-127.14423304952072
Group 2,-87.47188107793005,-131.36964026174547
Group 2,-92.31080694091567,-134.81668298791726
Group 2,-97.40002207260319,-137.81894600716683
Group 2,-102.23894793555563,-139.9316496132792
Group 2,-106.91101428602906,-141.82196336593046
Group 2,-111.66651039272541,-143.82347204637324
Group 2,-117.42316357452796,-145.49139594556337
Group 2,-122.59580846250473,-147.27051477183772
Group 2,-128.01874261928293,-149.0496335988194
Group 2,-133.19138750722655,-149.82799808487235
Group 2,-139.1983299578305,-150.7175574980095
Group 2,-144.0372558207498,-153.052650957583
Group 2,-148.79275192751248,-154.72057485748047
Group 2,-154.38254559673652,-155.83252412337146
Group 2,-159.47176072849038,-157.16686324272357
Group 2,-164.81126512897933,-159.39076177662747
Group 2,-169.39990172319668,-161.61466030911674
Group 2,-173.9885383173477,-163.72736391522912
Group 2,-179.16118320535764,-165.50648274150348
Group 2,-184.66754711835875,-168.0639660545381
Group 2,-189.75676225011264,-170.28786458702737
Group 2,-194.59568811306508,-171.51100878000258
Group 2,-200.0186222698101,-173.29012760698424
Group 2,-204.8575481327957,-174.62446672633635
Group 2,-209.94676326451642,-176.0700007727727
Group 2,-214.86911888372492,-177.84911959975435
Group 2,-219.95833401547878,-178.96106886564533
Group 2,-225.548127684736,-177.515534819209
Group 2,-228.3013096412863,-172.17817833967862
Group 2,-231.80535940407506,-167.8415762017843
Group 2,-237.89573161090195,-166.17365230117954
Group 2,-242.81808723014362,-164.50572840198942
Group 2,-244.57011211155458,-158.5012023634903
Group 2,-244.987260892835,-153.052650957583
Group 2,-244.82040138032283,-147.9376843322211
Group 2,-245.9884179679412,-142.2667430728527
Group 2,-247.32329406807173,-136.3734119607305
Group 2,-248.407880899434,-131.03605548190745
Group 2,-248.9918891932266,-125.25391929616214
Group 2,-250.41019504958004,-119.58297803750106
Group 2,-251.16106285591798,-113.57845199829464
Group 2,-252.2456496872471,-108.5746802993096
Group 2,-253.9976745686912,-103.34851874686346
Group 2,-254.83197213125206,-97.7887724152866
Group 2,-258.00230286908277,-92.78500071630158
Group 2,-260.004617019262,-87.3364493103943
Group 2,-263.0915180007703,-82.22148268503237
Group 2,-263.34180726957175,-76.77293127983242
Group 2,-264.1761048321326,-71.32437987392515
Group 2,-265.1772619072388,-65.98702339439477
Group 2,-266.34527849485715,-60.872056769032845
Group 2,-268.0973033762681,-55.86828507004782
Group 2,-270.18304728273654,-50.197343811386745
Group 2,-271.9350721641475,-45.41596196515552
Group 2,-273.85395655807065,-39.856215633578664
Group 2,-276.35684924578635,-34.40766422767139
Group 2,-277.6917253459169,-29.29269760230946
Group 2,-278.69288242102306,-23.399366490187255
Group 2,-279.52717998358395,-17.839620157195757
Group 2,-278.69288242102306,-12.613458605456929
Group 2,-275.93970046450596,-8.165661539063729
Group 2,-271.18420435780956,-5.1633985205215005
Group 2,-265.7612702010314,-3.273084767870249
Group 2,-260.25490628803027,-1.9387456471035014
Group 2,-255.1656911562764,-0.048431894452249935
Group 2,-249.4924677307631,1.6194920054452
Group 2,-243.98610381772883,3.732195611557576
Group 2,-238.5631696609838,6.289678924592201
Group 2,-233.47395452922993,7.735212971028527
Group 2,-227.80073110368346,9.73672165005668
Group 2,-222.62808621570667,11.627035403415253
Group 2,-217.2051520589285,13.85093393590453
Group 2,-212.03250717098487,15.185273055256632
Group 2,-206.85986228297492,16.51961217602338
Group 2,-201.10320910117238,18.076341148836605
Group 2,-196.4311427507321,19.966654901487857
Group 2,-190.67448956896274,21.634578801385306
Group 2,-185.25155541218453,23.747282407497682
Group 2,-180.16234028043067,25.74879108723316
Group 2,-175.15655490496607,27.527909913507507
Group 2,-169.73362074822103,29.97419829945791
Group 2,-164.8946948852686,31.419732345894236
Group 2,-159.30490121597822,32.420486685408314
Group 2,-154.21568608425753,32.75407146524634
Group 2,-148.5424626586779,32.420486685408314
Group 2,-143.2029582582221,33.64363087838351
Group 2,-138.44746215152577,36.757088824717286
Group 2,-135.2771314137282,40.98249603764936
Group 2,-132.60737921346714,45.31909817695834
Group 2,-131.10564360079127,50.990039435619416
Group 2,-133.8588255573084,56.43859084081937
Group 2,-139.11490020157444,58.77368430039287
Group 2,-142.36866069562808,62.7767016591565
Group 2,-145.03841289588914,67.89166828522575
Group 2,-146.54014850853184,73.11782983696457
Group 2,-147.62473533986096,78.67757616995607
Group 2,-148.3756031461989,83.90373772240223
Group 2,-144.78812362712088,80.01191528930818
Group 2,-142.285230939372,75.11933851740737
Group 2,-139.94919776413528,69.89317696496123
Group 2,-139.78233825165628,63.66626107229367
Group 2,-136.19485873254513,59.55204878715315
Group 2,-130.93878408831225,60.55280312666722
Group 2,-125.59927968779014,62.554311806402694
Group 2,-120.34320504355728,63.332676292455645
Group 2,-114.83684113052298,66.0013545325745
Group 2,-110.08134502382663,67.66927843176462
Group 2,-105.07555964832885,69.11481247890828
Group 2,-99.40233622281556,71.00512623155953
Group 2,-93.72911279726911,72.56185520437275
Group 2,-88.97361669057275,74.1185841778933
Group 2,-83.63411229005064,76.6760674902206
Group 2,-78.12774837704951,78.7887710970403
Group 2,-72.62138446401522,80.67908484969155
Group 2,-67.53216933229453,83.01417830855773
Group 2,-61.94237566300416,85.68285654867658
Group 2,-56.352581993713784,88.12914493391966
Group 2,-51.013077593224835,90.46423839420048
Group 2,-45.50671368019055,92.1321622933906
Group 2,-40.25063903595768,93.57769634053426
Group 2,-35.6620024417735,95.91278979940043
Group 2,-30.15563852873921,97.69190862567478
Group 2,-24.816134128250262,98.8038578929804
Group 2,-19.47662972772814,100.02700208524828
Group 2,-12.969108739620834,99.69341730541026
Group 2,-12.468530202084324,105.58674841753246
Group 2,-13.636546789669515,111.14649474981664
Group 2,-15.138282402345384,116.15026644880166
Group 2,-16.973737040012423,121.1540381477867
Group 2,-18.22518338388687,126.38019970023284
Group 2,-19.309770215215973,132.16233588597814
Group 2,-15.305141914857554,139.16761626399133
Group 2,-21.061795096626927,140.83554016388877
Group 2,-27.569316084767404,140.72434523680454
Group 2,-31.907663410183336,137.61088729188543
Group 2,-27.652745841023492,134.71981919830546
Group 2,-22.31324144053454,131.4951663263021
Group 2,-16.640018014988083,128.93768301326747
Group 2,-12.21824093331607,131.71755617976322
Group 2,-6.878736532793951,132.05114095960124
Group 2,-1.7895214010732567,129.1600728667286
Group 2,1.9648176305500769,124.82347072741962
Group 2,3.8002722682171166,120.04208888118839
Group 2,6.553454224701092,115.2607070356645
Group 2,12.22667765024755,116.4838512286397
Group 2,16.982173756943904,118.48535990837516
Group 2,21.90452937615243,121.0428432214098
Group 2,24.323992307645234,125.93541999331059
Group 2,25.658868407775763,131.71755617976322
Group 2,30.4977942707282,134.94220905176658
Group 2,35.253290377424555,136.610132951664
Group 2,40.425935265434504,137.94447207172345
Group 2,45.598580153411284,139.50120104453669
Group 2,50.9380845539334,141.83629450411019
Group 2,56.11072944187701,143.83780318313833
Group 2,61.19994457363087,145.39453215595154
Group 2,64.70399433645278,150.17591400218276
Group 2,66.45601921786374,155.06849077408359
Group 2,71.46180459336152,156.0692451150123
Group 2,76.4675899688593,155.06849077408359
Group 2,82.0573836381165,153.17817702143233
Group 2,87.56374755115078,151.06547341602726
Group 2,92.81982219538365,148.0632103960704
Group 2,98.32618610838477,145.39453215595154
Group 2,103.41540124013864,142.50346406378623
Group 2,107.25317002798488,139.27881119107553
Group 2,113.26011247855568,137.61088729188543
Group 2,118.76647639158998,135.72057353781952
Group 2,123.60540225454241,133.38548007895335
Group 2,128.94490665506453,134.60862427192853
Group 2,133.95069203052913,135.83176846490375
Group 2,139.79077496858775,137.27730251134008
Group 2,144.46284131902803,139.16761626399133
Group 2,149.46862669449266,141.72509957773326
Group 2,154.1406930449329,143.83780318313833
Group 2,158.7293296391171,141.05793001805722
Group 2,160.2310652517598,135.60937861144262
Group 2,161.64937110814643,130.16082720624266
Group 2,163.90197452712704,124.93466565379651
Group 2,165.7374291647941,119.48611424859656
Group 2,167.7397433149733,114.92712225582646
Group 2,169.65862770889643,110.25693533667946
Group 2,171.07693356528304,104.36360422455726
Group 2,169.15804917135992,99.35983252557223
Group 2,169.99234673395392,94.2448659002103
Group 2,165.7374291647941,91.35379780733766
Group 2,160.39792476427198,90.90901810041541
Group 2,153.38982523859497,92.1321622933906
Group 2,148.5508993756757,89.5746789810633
Group 2,143.79540326897936,87.79556015408163
Group 2,139.29019643105127,85.12688191537742
Group 2,134.20098129929738,82.6805935287197
Group 2,128.52775787375094,81.3462544093676
Group 2,123.02139396074982,79.90072036293128
Group 2,119.43391444167182,76.34248271038257
Group 2,114.6784183349423,73.3402196904257
Group 2,109.92292222824594,70.8939313044753
Group 2,104.58341782775699,70.44915159826037
Group 2,98.40961586467402,70.22676174479925
Group 2,92.23581390155789,68.89242262544715
Group 2,86.72944998855677,67.4468885783035
Group 2,81.55680510054682,65.89015960549027
Group 2,75.80015191877744,64.33343063267705
Group 2,70.71093678702358,62.7767016591565
Group 2,66.62287873040908,59.88563356699117
Group 2,62.11767189248098,57.77292996017147
Group 2,56.44444846693452,57.43934518033345
Group 2,51.271803578957744,58.440099520554845
Group 2,47.10031576605398,61.66475239326552
Group 2,42.76196844063806,66.0013545325745
Group 2,40.09221624041017,71.00512623155953
Group 2,37.923042577685614,76.23128778329836
Group 2,36.17101769627466,81.12386455590648
Group 2,34.91957135240022,87.12839059440557
Group 2,32.33324890839524,92.1321622933906
Group 2,26.660025482881952,93.91128112037228
Group 2,20.402793763509727,93.46650141345003
Group 2,14.646140581740354,93.35530648707314
Group 2,9.890644475044,96.69115428616071
Group 2,7.304322031039026,102.13970569136066
Group 2,5.385437637115902,108.03303680419019
Group 2,3.1328342181352675,113.81517298922816
Group 2,1.2973795804682275,119.81969902843458
Group 2,0.21279274910595308,124.71227580033539
Group 2,-2.206670182386851,130.16082720624266
Group 2,-3.6249760387402965,135.83176846490375
Group 2,-5.043281895126912,141.83629450411019
Group 2,-6.0444389702331005,146.8400662030952
Group 2,-7.21245555785146,151.95503282845712
Group 2,-8.38047214543665,157.95955886766356
Group 2,-10.132497026880774,164.07527983253956
Group 2,-11.38394337072205,169.07905153152458
Group 2,-12.635389714596494,174.8611877179772
Group 2,-13.803406302214855,180.6433239030152
Group 2,-14.971422889800044,185.6470956020002
Group 2,-16.473158502475915,190.53967237460833
Group 2,-19.309770215215973,195.65463899997027
Group 2,-25.31671266578677,197.10017304640658
Group 2,-30.82307657882106,195.54344407359338
Group 2,-36.57972976062361,193.98671510078015
Group 2,-42.002663917368636,191.87401149396044
Group 2,-47.50902783040293,190.4284774475241
Group 2,-52.347953693355365,187.20382457481344
Group 2,-57.93774736261257,189.53891803438694
Group 2,-59.856631756568866,194.76507958683308
Group 2,-58.35489614392616,200.10243606565615
Group 2,-63.193822006878605,198.3233172393818
Group 2,-63.193822006878605,192.6523759800134
Group 2,-63.11039225062252,187.42621442827456
Group 2,-60.023491269081035,182.75602750912756
Group 2,-58.43832590018225,177.75225581014254
Group 2,-56.43601175000304,173.19326381737244
Group 3,73.71440801230898,-27.735968629496234
Group 3,74.38184606235767,-33.85168959437224
Group 3,76.96816850639581,-38.966656220441486
Group 3,79.0539124128311,-44.41520762564144
Group 3,79.80478021913586,-49.86375903154872
Group 3,82.80825144445443,-54.97872565691064
Group 3,85.14428461965798,-59.98249735589567
Group 3,87.31345828238253,-64.9862690548807
Group 3,88.56490462622381,-70.32362553370375
Group 3,89.98321048261042,-75.43859215906568
Group 3,86.22887145102025,-79.66399937199775
Group 3,80.72250753798598,-82.77745731833153
Group 3,75.54986264997602,-85.0013558508208
Group 3,71.46180459336152,-88.11481379715458
Group 3,68.54176312436537,-92.11783115662553
Group 3,73.0469699622603,-89.44915291650668
Group 3,77.88589582521274,-87.44764423747853
Group 3,83.22540022570169,-85.77972033758108
Group 3,88.0643260886873,-83.8894065842225
Group 3,88.81519389499206,-78.66324503248367
Group 3,94.07126853922493,-77.8848805457234
Group 3,100.49535977110932,-77.55129576588537
Group 3,105.75143441534219,-77.9960754721003
Group 3,110.5903602783278,-76.88412620620933
Group 3,111.42465784088864,-70.54601538716487
Group 3,113.76069101612536,-65.76463354093364
Group 3,116.84759199763367,-61.205641549578196
Group 3,120.93565005428135,-57.42501404356837
Group 3,126.27515445480347,-55.089920583287544
Group 3,131.78151836780458,-53.53319161047432
Group 3,136.87073349955844,-53.421996684097415
Group 3,143.04453546260825,-53.53319161047432
Group 3,148.46746961938646,-55.42350536312557
Group 3,154.1406930449329,-58.42576838308244
Group 3,158.81275939537318,-60.316082135733694
Group 3,163.40139598955736,-62.428785742553394
Group 3,168.2403218525098,-64.8750741285038
Group 3,172.57866917792575,-61.87281110925424
Group 3,174.33069405933668,-56.98023433664612
Group 3,168.99118965884773,-55.53470029020979
Group 3,169.40833844012818,-48.86300469132732
Group 3,171.57751210285272,-44.19281777218031
Group 3,176.83358674708558,-44.97118225894059
Group 3,181.8393721225502,-45.19357211240171
Group 3,186.92858725430406,-43.85923299234229
Group 3,191.10007506717463,-40.52338519325471
Group 3,197.60759605531513,-39.52263085374064
Group 3,202.9471004557709,-38.29948666076544
Group 3,208.53689412506128,-36.74275768724489
Group 3,213.8763985255834,-33.62929974161843
Group 3,219.54962195112984,-29.84867223560861
Group 3,223.05367171395176,-24.844900536623584
Group 3,225.72342391421282,-20.619493323691508
Group 3,228.8103248957543,-16.394086111466756
Group 3,234.23325905249933,-16.28289118438253
Group 3,239.8230527217897,-14.39257743173128
Group 3,243.07681321584337,-9.833585439668502
Group 3,239.4059039405093,-6.164152860035577
Group 3,235.06755661509337,-9.944780366045403
Group 3,233.3989614899385,-14.726162211569305
Group 3,233.14867222117024,-19.841128837638557
Group 3,232.06408538980796,-25.178485316461607
Group 3,229.39433318958007,-29.626282382147483
Group 3,226.30743220800542,-33.85168959437224
Group 3,221.468506345053,-38.29948666076544
Group 3,216.04557218827478,-37.854706953843184
Group 3,211.20664632532234,-40.41219026617049
Group 3,205.7002824123212,-42.191309093152164
Group 3,200.36077801179908,-43.636843139588485
Group 3,195.18813312382233,-45.08237718531749
Group 3,190.6829262858942,-47.30627571851409
Group 3,187.846314573121,-51.754072784907294
Group 3,184.59255407906733,-55.645895216586695
Group 3,179.41990919105737,-58.87054808929737
Group 3,173.7466857655441,-62.5399806689303
Group 3,169.15804917135992,-65.09746398125759
Group 3,164.7362720896879,-67.98853207413025
Group 3,158.39561061409276,-66.76538788186237
Group 3,151.8880896259523,-64.43029442158155
Group 3,146.71544473800867,-63.42954008206747
Group 3,141.20908082494122,-61.98400603563115
Group 3,135.78614666819618,-61.31683647524777
Group 3,130.61350178018623,-62.317590815469174
Group 3,125.69114616097771,-63.98551471536662
Group 3,120.1013524917205,-65.87582846801787
Group 3,114.76184809119839,-67.76614222137644
Group 3,109.00519490942901,-69.10048134072855
Group 3,103.91597977767515,-68.87809148726743
Group 3,98.24275635212868,-69.87884582748882
Group 3,93.48726024543234,-72.88110884673837
Group 3,94.57184707679461,-78.32966025264565
Group 3,96.99131000825425,-83.44462687800758
Group 3,99.74449196480455,-88.11481379715458
Group 3,101.99709538375203,-93.78575505581566
Group 3,102.58110367754462,-98.78952675480068
Group 3,102.9982524588582,-103.79329845378571
Group 3,103.58226075265081,-109.13065493260876
Group 3,105.25085587780568,-115.57996067873744
Group 3,105.58457490283001,-122.14046135053569
Group 3,106.33544270916795,-128.14498738903478
Group 3,107.42002954053022,-134.14951342824122
Group 3,109.42234369067627,-138.81970034738822
Group 3,111.59151735340082,-144.15705682621126
Group 3,115.2624266287349,-148.0488792578907
Group 3,116.84759199763367,-153.60862559088218
Group 3,119.10019541661431,-158.1676175836523
Group 3,120.6853607855131,-162.94899942917618
Group 3,121.60308810433003,-169.0647203940522
Group 3,123.27168322951808,-174.17968702012143
Group 3,126.77573299233998,-178.1827043795924
Group 3,130.53007202396333,-182.8528912987394
Group 3,131.6980886115485,-187.8566629977244
Group 3,133.6169730055048,-193.30521440292438
Group 3,136.62044423079018,-198.1977911755325
Group 3,140.041064237356,-203.0903679474333
Group 3,140.79193204366078,-209.42847876577042
Group 3,141.79308911876697,-215.988979438276
Group 3,141.70965936247774,-220.99275113726102
Group 3,137.37131203709495,-223.66142937667254
Group 3,132.44895641785328,-222.66067503715848
Group 3,128.2774686049827,-225.88532790986915
Group 3,123.60540225454241,-229.44356556171053
Group 3,119.18362517287039,-233.4465829211815
Group 3,114.26126955366188,-234.66972711415667
Group 3,108.92176515313976,-237.89437998686736
Group 3,104.83370709652525,-241.67500749287717
Group 3,99.4942026960363,-242.7869567594755
Group 3,95.57300415190079,-246.4563893391084
Group 3,90.98436755771661,-248.45789801813655
Group 3,87.39688803860545,-252.5721103039844
Group 3,82.55796217568619,-255.46317839756438
Group 3,78.80362314406284,-260.2445602430883
Group 3,72.96354020600421,-262.35726384920065
Group 3,66.87316799917733,-260.91172980276434
Group 3,63.535977748834426,-256.57512766345536
Group 3,61.28337432988696,-251.79374581793147
Group 3,62.284531404993146,-246.5675842654853
Group 3,65.12114311773321,-242.00859227342252
Group 3,62.701680186306746,-237.2272104271913
Group 3,59.03077091090633,-233.11299814134344
Group 3,59.94849822975643,-226.99727717646743
Group 3,61.11651481740796,-222.1047004038593
Group 3,55.52672114811759,-218.99124245752554
Group 3,52.35639041032002,-214.20986061200165
Group 3,49.519778697513615,-209.42847876577042
Group 3,46.099158690947796,-203.86873243419356
Group 3,42.59510892812588,-200.19929985456065
Group 3,38.25676160270996,-197.3082317623953
Group 3,35.50357964619281,-192.52684991616408
Group 3,32.750397689708834,-187.52307821717906
Group 3,29.246347926886926,-183.74245071116923
Group 3,27.66118255798814,-178.96106886564533
Group 3,26.076017189089356,-173.7349073131992
Group 3,22.65539718249036,-169.50950010097444
Group 3,19.735355713461047,-163.2825842090142
Group 3,17.649611807025753,-158.5012023634903
Group 3,16.73188448817565,-152.16309154373852
Group 3,17.23246302571216,-146.26976043232364
Group 3,16.648454731919564,-140.59881917366258
Group 3,14.813000094252525,-135.81743732743135
Group 3,12.72725618778406,-130.14649606877026
Group 3,9.55692544998649,-125.25391929616214
Group 3,6.553454224701092,-120.58373237772247
Group 3,2.8825449493670123,-116.80310487100532
Group 3,5.886016174652411,-111.79933317202028
Group 3,11.308950331397446,-109.90901941936903
Group 3,7.054032762237602,-106.90675640011949
Group 3,1.0470903116999726,-107.46273103341863
Group 3,-3.8752653075085517,-109.3530447867772
Group 3,-9.381629220509671,-108.68587522639383
Group 3,-14.55427410851962,-106.01719698698231
Group 3,-15.388571671113638,-100.79103543453616
Group 3,-14.38741459604062,-95.78726373555114
Group 3,-16.55658825869883,-100.34625572832124
Group 3,-24.649274615738094,-107.90751073963357
Group 3,-30.239068285028466,-106.68436654665837
Group 3,-35.6620024417735,-108.90826507914764
Group 3,-36.746589273135775,-114.69040126560026
Group 3,-40.00034976718943,-118.9158084771177
Group 3,-43.337540017499165,-114.80159619197717
Group 3,-44.0884078238371,-108.35229044584848
Group 3,-40.83464732978345,-104.12688323362373
Group 3,-40.33406879221377,-110.02021434645326
Group 3,-38.41518439829064,-114.69040126560026
Group 3,-21.312084365395183,-118.35983384381854
Group 3,22.73882693874645,-138.4861155675502
Group 3,27.82804207046714,-141.59957351317664
Group 3,-61.358367369178396,-117.80385921122671
Group 3,-54.600557112336,-116.13593531132926
Group 3,-58.43832590018225,-112.68889258515746
Group 3,-61.52522688172373,-116.6919099446284
Group 3,-66.86473128224586,-119.24939325766304
Group 3,-69.45105372621765,-124.92033451632412
Group 3,-71.1196488514057,-130.14649606877026
Group 3,-74.62369861419444,-134.70548806154036
Group 3,-77.627169839513,-138.708505420304
Group 3,-74.8739878829627,-144.04586189983436
Group 3,-78.2111781333056,-140.04284454036343
Group 3,-77.87745910828126,-134.92787791429416
Group 3,-74.62369861419444,-130.36888592223139
Group 3,-68.86704543242506,-129.70171636255535
Group 3,-65.94700396339574,-125.03152944340835
Group 3,-64.52869810700913,-118.9158084771177
Group 3,-63.52754103190294,-113.91203677813266
Group 3,-62.359524444317756,-108.35229044584848
Group 3,-58.27146638767008,-103.79329845378571
Group 3,-55.518284431152935,-98.90072168117759
Group 3,-51.59708588701743,-94.78650939532973
Group 3,-51.34679661824918,-89.78273769634471
Group 3,-48.677044417988114,-85.0013558508208
Group 3,-44.505556605117526,-81.10953341843408
Group 3,-42.419812698682236,-76.5505414263713
Group 3,-39.332911717140746,-72.54752406690035
Group 3,-36.16258097931001,-68.21092192759137
Group 3,-33.99340731661863,-62.317590815469174
Group 3,-32.15795267895159,-56.86903941026922
Group 3,-30.072208772483126,-50.86451337106279
Group 3,-27.235597059709896,-45.74954674499354
Group 3,-24.06526632191233,-40.96816489946964
Group 3,-21.478943877940523,-36.18678305394574
Group 3,-21.81266290299803,-42.30250401952907
Group 3,-20.97836534040401,-47.639860498352114
Group 3,-21.81266290299803,-53.866776390312346
Group 3,-23.147539003095392,-60.316082135733694
Group 3,-23.06410924683931,-65.87582846801787
Group 3,-23.31439851560756,-71.8803545072243
Group 3,-20.644646315346503,-76.43934649928707
Group 3,-20.227497534099246,-81.66550805173323
Group 3,-23.147539003095392,-76.77293127983242
Group 3,-23.73154729688799,-71.32437987392515
Group 3,-24.48241510322592,-65.65343861455675
Group 3,-26.401299497149047,-60.98325169540975
Group 3,-30.322498041251382,-57.64740389632217
Group 3,-35.49514292926133,-60.64966691557172
Group 3,-37.74774634820879,-66.32060817494012
Group 3,-41.83580440485647,-70.99079509408712
Group 3,-41.75237464860038,-76.10576171944905
Group 3,-46.424440999040655,-80.55355878584226
Group 3,-49.34448246806997,-85.33494063136615
Group 3,-52.68167271837971,-90.00512754980583
Group 3,-55.518284431152935,-95.12009417587508
Group 3,-58.60518541269442,-99.56789124085364
Group 3,-63.694400544448285,-103.01493396702543
Group 3,-68.44989665114464,-106.12839191335921
Group 3,-73.28882251406391,-108.5746802993096
Group 3,-78.7117566708421,-107.68512088617244
Group 3,-82.7163849712337,-103.23732382048657
Group 3,-85.97014546532053,-97.7887724152866
Group 3,-87.7221703466983,-93.00739056905539
Group 3,-85.05241814643725,-87.67003409023233
Group 3,-86.63758351533603,-82.6662623912473
Group 3,-87.7221703466983,-77.44010083950847
Group 3,-89.47419522810927,-71.54676972738628
Group 3,-91.05936059700805,-65.43104876109562
Group 3,-93.89597230981444,-61.094446621786645
Group 3,-95.06398889739964,-55.645895216586695
Group 3,-96.48229475378625,-50.75331844397857
Group 3,-96.7325840225545,-43.97042791942651
Group 3,-99.31890646655948,-39.189046073195286
Group 3,-101.32122061673869,-34.51885915475561
Group 3,-102.98981574189357,-29.29269760230946
Group 3,-106.16014647969114,-24.733705609539356
Group 3,-106.49386550471547,-19.173959277255182
Group 3,-107.07787379854123,-13.725407872055229
Group 3,-109.49733673003404,-9.277610806369353
Group 3,-110.66535331761924,-3.4954746199167275
Group 3,-113.75225429916071,2.064271711660126
Group 3,-114.7534113742669,7.735212971028527
Group 3,-117.08944454947046,12.62778974292933
Group 3,-121.51122163114246,17.96514622175238
Group 3,-127.35130456920109,20.85621431391771
Group 3,-128.8530401818438,25.859986013610058
Group 3,-128.7696104255877,32.420486685408314
Group 3,-129.60390798818173,37.646648237854464
Group 3,-132.02337091964137,43.31758949651554
Group 3,-130.77192457580009,49.21092060863774
Group 3,-131.02221384456834,54.54827708816812
Group 3,-130.2713460382304,60.775192980128345
Group 3,-129.77076750066072,65.89015960549027
Group 3,-124.01411431889136,67.00210887208857
Group 3,-119.00832894342675,68.89242262544715
Group 3,-113.58539478664854,69.6707871115001
Group 3,-108.7464689236961,72.0058805710736
Group 3,-104.40812159828018,74.45216895773132
Group 3,-99.56919573532774,79.0111609497941
Group 3,-98.15088987894111,84.9044920619163
Group 3,-98.06746012268503,91.24260288025343
Group 3,-99.40233622281556,96.35756950632268
Group 4,-42.33638294239298,118.59655483545939
Group 4,-87.05473229661646,110.47932519014059
Group 4,-99.819485004096,87.79556015408163
Group 4,-89.89134400942285,93.13291663290468
Group 4,-86.13700497779952,96.69115428616071
Group 4,-80.96436008978958,98.02549340622014
Group 4,-82.88324448374587,93.0217217072351
Group 4,-87.2215918091618,87.79556015408163
Group 4,-91.64336889083381,82.23581382250478
Group 4,-93.89597230981444,76.6760674902206
Group 4,-91.39307962203239,72.22827042453473
Group 4,-85.97014546532053,72.78424505712655
Group 4,-80.54721130850915,73.00663491058768
Group 4,-75.12427715173095,73.00663491058768
Group 4,-70.3687810450346,75.23053344378428
Group 4,-64.1115493257287,77.45443197627355
Group 4,-58.43832590018225,79.34474572963212
Group 4,-52.181094180843196,81.56864426212141
Group 4,-47.342168317857585,83.23656816272617
Group 4,-42.586672211161236,84.9044920619163
Group 4,-36.746589273135775,86.90600074094445
Group 4,-30.48935755379672,88.90750942138726
Group 4,-25.066423397018518,90.79782317403851
Group 4,-20.310927290322162,92.46574707322863
Group 4,-15.472001427369724,94.1336709738334
Group 4,-9.798778001823266,96.13517965286155
Group 4,-4.542703357590401,96.46876443269959
Group 4,4.8848590995793915,86.46122103472953
Group 4,7.3877517872951115,80.1231102163924
Group 4,10.140933743812255,74.3409740306471
Group 4,12.05981813776855,68.5588378449018
Group 4,14.312421556682846,62.10953209948045
Group 4,16.23130595063914,56.54978576719627
Group 4,18.734198638354858,49.09972568226084
Group 4,20.653083032277983,43.31758949651554
Group 4,22.321678157466025,38.31381779753051
Group 4,24.657711332669574,30.307783080003258
Group 4,26.326306457857612,24.525646893550636
Group 4,28.245190851780738,18.63231578142843
Group 4,30.4977942707282,11.071060769408781
Group 4,28.412050364292906,18.076341148836605
Group 4,34.08527378983936,14.184518715742556
Group 4,39.5082079465844,14.40690856920368
Group 4,45.09800161587477,14.96288320250283
Group 4,50.27064650385155,15.852442614932682
Group 4,57.77932456706505,18.076341148836605
Group 4,64.03655628643727,20.300239681325884
Group 4,69.62634995566131,21.745773727762206
Group 4,71.71209386216294,28.083884546806658
Group 4,74.0481270373665,32.531681612492534
Group 4,76.55101972508221,38.31381779753051
Group 4,81.1396563192664,41.87205545078654
Group 4,83.47568949450311,46.319852516472416
Group 4,81.6402348568029,51.65720899529547
Group 4,79.30420168159935,56.88337054774162
Group 4,96.40730171446165,53.88110752778474
Group 4,100.32850025859715,49.98928509610534
Group 4,83.39225973821387,54.21469230762277
Group 4,77.96932558146882,62.7767016591565
Group 4,87.1465987698372,60.88638790650525
Group 4,92.81982219538365,62.88789658624072
Group 4,100.07821098982889,65.44537989927535
Group 4,105.91829392788752,67.3356936519266
Group 4,111.50808759714472,69.33720233166207
Group 4,109.6726329594777,63.44387121953987
Group 4,106.16858319665577,59.55204878715315
Group 4,103.91597977767515,53.992302454161646
Group 4,98.74333488969836,50.878844508535195
Group 4,93.48726024543234,50.100480022482245
Group 4,87.81403681991904,48.65494597533859
Group 4,89.89978072635434,43.87356412981469
Group 4,90.15006999512259,38.53620765099164
Group 4,92.65296268287149,33.866020731844635
Group 4,90.98436755771661,27.527909913507507
Group 4,89.06548316376032,22.52413821452248
Group 4,85.0608548634019,18.63231578142843
Group 4,81.05622656301031,14.96288320250283
Group 4,76.0504411875457,11.293450623577229
Group 4,70.79436654327966,8.291187603620354
Group 4,68.54176312436537,2.17546663874435
Group 4,70.21035824948707,-3.0506949137018013
Group 4,70.87779629956893,-8.610441246693302
Group 4,71.5452343496176,-13.614212945678329
Group 4,73.38068898728464,-20.063518690392357
Group 4,75.21614362495168,-24.844900536623584
Group 4,77.13502801890797,-30.182257015446634
Group 4,80.2219290004163,-35.18602871443166
Group 4,82.14081339437259,-40.52338519325471
Group 4,83.64254900701529,-45.304767038778614
Group 4,85.14428461965798,-50.30853873776364
Group 4,86.64602023230069,-55.645895216586695
Group 4,88.0643260886873,-60.4272770621106
Group 4,89.48263194507392,-65.43104876109562
Group 4,90.98436755771661,-70.76840523991868
Group 4,94.57184707679461,-75.21620230631187
Group 4,100.5787895273654,-73.88186318625245
Group 4,105.58457490283001,-72.21393928706232
Group 4,110.1732114970142,-68.87809148726743
Group 4,111.17436857212039,-73.88186318625245
Group 4,112.17552564722658,-79.66399937199775
Group 4,113.67726125983611,-85.77972033758108
Group 4,115.5961456537924,-91.11707681640414
Group 4,117.51503004771553,-96.12084851538916
Group 4,121.10250956679353,-92.22902608300242
Group 4,134.20098129929738,-86.44688989725712
Group 4,136.03643593696444,-91.22827174348835
Group 4,135.3689978868826,-96.78801807577253
Group 4,133.45011349299264,-102.34776440734939
Group 4,128.69461738629627,-106.57317162028146
Group 4,125.10713786718512,-110.79857883250621
Group 4,122.60424517946939,-116.35832516479039
Group 4,124.68998908590468,-122.14046135053569
Group 4,126.52544372357173,-127.36662290227451
Group 4,128.7780471425192,-132.14800474850574
Group 4,129.77920421759222,-138.04133585992062
Group 4,130.1963529989058,-143.2674974130741
Group 4,131.6146588553256,-149.93919301124924
Group 4,133.03296471167903,-155.49893934353344
Group 4,134.86841934934608,-160.83629582235648
Group 4,141.29251058123046,-158.6123972898672
Group 4,147.38288278802418,-156.3884987566706
Group 4,152.38866816352197,-154.38699007764245
Group 4,157.39445353898657,-152.16309154373852
Group 4,162.56709842699652,-149.1608285251963
Group 4,167.15573502114754,-146.9369299919997
Group 4,170.07577649017685,-141.1547938062544
Group 4,172.7455286904379,-136.3734119607305
Group 4,173.32953698423051,-131.36964026174547
Group 4,171.82780137162098,-126.36586856276044
Group 4,167.65631355871722,-123.36360554280357
Group 4,162.06651988946,-120.58373237772247
Group 4,157.31102378273047,-117.47027443138869
Group 4,152.30523840726588,-114.35681648576224
Group 4,147.54974230053634,-112.13291795256563
Group 4,142.29366765630348,-109.5754346388237
Group 4,136.7038739870131,-107.68512088617244
Group 4,132.1152373928621,-103.45971367394769
Group 4,128.52775787375094,-98.78952675480068
Group 4,127.44317104238866,-92.67380578921735
Group 4,125.94143542977913,-87.3364493103943
Group 4,123.85569152331067,-81.55431312535633
Group 4,121.18593932308278,-76.5505414263713
Group 4,116.34701346009717,-73.2146936265764
Group 4,110.50693052203854,-72.32513421343923
Group 4,104.91713685274817,-72.32513421343923
Group 4,99.07705391472271,-73.65947333349865
Group 4,93.82097927045668,-74.5490327459285
Group 4,87.39688803860545,-74.5490327459285
Group 4,81.80709436931508,-74.77142259938962
Group 4,75.7167221624882,-77.55129576588537
Group 4,69.70977971195056,-81.10953341843408
Group 4,64.70399433645278,-82.44387253849351
Group 4,60.1153577422686,-86.66927975071826
Group 4,55.52672114811759,-89.78273769634471
Group 4,50.35407626010764,-92.0066362295413
Group 4,45.18143137213086,-94.45292461549171
Group 4,39.758497215352655,-96.45443329522718
Group 4,33.751554764815026,-99.45669631447673
Group 4,27.327463532930633,-101.34701006783531
Group 4,22.571967426234277,-103.01493396702543
Group 4,16.481595219407396,-104.6828578676302
Group 4,11.475809843942786,-105.57241728076738
Group 4,5.886016174652411,-107.01795132649639
Group 4,4.217421049497542,-112.0217230254814
Group 4,-0.6215048134880663,-115.91354545857546
Group 4,-3.7918355512856357,-120.13895267080021
Group 4,-10.04906727059152,-122.14046135053569
Group 4,-14.38741459604062,-125.25391929616214
Group 4,-19.56005948398423,-127.14423304952072
Group 4,-24.565844859482006,-129.03454680287928
Group 4,-29.404770722434446,-131.5920301152066
Group 4,-34.57741561041122,-132.37039460125953
Group 4,-46.67473026784208,-139.9316496132792
Group 4,-37.24716781067229,-130.25769099514716
Group 4,-30.572787310052806,-130.81366562844633
Group 4,-35.16142390423699,-133.0375641609356
Group 4,-37.83117610446488,-128.58976709524973
Group 4,-41.41865562357604,-133.25995401439673
Group 4,-46.67473026784208,-135.48385254759333
Group 4,-52.347953693355365,-137.37416630024458
Group 4,-58.60518541269442,-138.81970034738822
Group 4,-63.7778303006712,-139.37567498068736
Group 4,-69.2007644574494,-139.15328512722624
Group 4,-74.03969032043501,-136.15102210726937
Group 4,-78.79518642713137,-133.9271235747801
Group 4,-84.05126107136422,-134.70548806154036
Group 4,-89.89134400942285,-135.59504747467756
Group 4,-94.7302698723753,-132.0368098214215
Group 4,-95.73142694748148,-127.0330381224365
Group 4,-96.81601377884375,-120.91731715756049
Group 4,-98.6514684165108,-115.57996067873744
Group 4,-100.3200635416325,-110.57618897975242
Group 4,-102.15551817929953,-104.6828578676302
Group 4,-103.82411330445441,-99.67908616864518
Group 4,-105.7429976984107,-93.89694998219255
Group 4,-107.24473331105341,-88.89317828320753
Group 4,-109.16361770497653,-82.99984717108532
Group 4,-111.41622112395716,-75.99456679307215
Group 4,-113.08481624907887,-71.21318494754824
Group 4,-114.58655186175473,-66.20941324856322
Group 4,-116.25514698690961,-60.98325169540975
Group 4,-117.7568825995523,-56.201869849885846
Group 4,-119.42547772470716,-51.42048800506927
Group 4,-123.01295724378517,-47.86225035181324
Group 4,-125.68270944404622,-43.41445328612736
Group 4,-125.26556066273263,-38.410681587142335
Group 4,-127.76845335051469,-32.85093525485816
Group 4,-130.2713460382304,-28.40313818917228
Group 4,-132.19023043215353,-23.732951270025282
Group 4,-134.02568506982058,-17.839620157195757
Group 4,-135.8611397074876,-12.27987382491158
Group 4,-137.52973483267564,-7.053712273172752
Group 4,-139.61547873911096,-0.6044065277513999
Group 4,-141.70122264554624,5.733704290585728
Group 4,-143.2029582582221,10.737475989570754
Group 4,-145.03841289588914,15.963637542724229
Group 4,-146.95729728977912,22.079358507600233
Group 4,-148.79275192751248,27.63910483988441
Group 4,-150.6282065651795,33.42124102562971
Group 4,-152.46366120284657,38.42501272461474
Group 4,-154.54940510928185,44.54073368949074
Group 4,-152.71395047161482,39.20337721066769
Group 4,-157.30258706576583,36.97947867817841
Group 4,-163.3095295163698,34.75558014498181
Group 4,-168.89932318566017,32.531681612492534
Group 4,-175.32341441747823,30.307783080003258
Group 4,-180.74634857425644,28.417469326644685
Group 4,-186.41957199980288,26.527155573993433
Group 4,-192.00936566909326,24.525646893550636
Group 4,-197.4322998258383,22.635333140899384
Group 4,-202.60494471384825,20.967409241709255
Group 4,-208.1947383830723,18.96590056126646
Group 4,-213.8679618086519,16.964391882238306
Group 4,-202.18779593253464,-9.722390512584278
Group 4,-195.9305642131956,-9.944780366045403
Group 4,-190.3407705439384,-11.279119485397505
Group 4,-185.58527443720888,-9.277610806369353
Group 4,-180.4126295492321,-9.055220952908227
Group 4,-180.16234028043067,-14.94855206503043
Group 4,-184.75097687464802,-23.06578171034923
Group 4,-182.24808418689912,-8.610441246693302
Group 4,-183.33267101822824,-13.947797725516352
Group 4,-183.16581150574925,-7.8320767592257035
Group 4,-180.9132080867686,-13.169433238048756
Group 4,-181.3303568680822,-6.831322419711627
Group 4,-186.33614224354682,-9.055220952908227
Group 4,-192.17622518160545,-7.609686906471902
Group 4,-197.34887006954904,-9.055220952908227
Group 4,-214.70225937121276,4.844144877448553
Group 4,-218.70688767160436,15.74124768855578
Group 4,-219.37432572165304,20.74501938824813
Group 4,-214.20168083367625,25.192816453226683
Group 4,-208.1947383830723,27.194325133669484
Group 4,-202.10436617627857,28.083884546806658
Group 4,-196.4311427507321,30.08539322583481
Group 4,-191.0082085939539,31.975706979193387
Group 4,-185.16812565592843,33.97721565822154
Group 4,-180.329199792976,35.64513955882631
Group 4,-175.15655490496607,37.53545331147756
Group 4,-170.3176290420136,39.20337721066769
Group 4,-164.64440561650034,41.093690964026266
Group 4,-159.80547975351473,42.761614863216394
Group 4,-156.63514901571716,46.98702207614846
Group 4,-154.38254559673652,51.768403921672366
Group 4,-149.96076851509767,55.326641574928395
Group 4,-144.70469387083165,56.21620098735824
Group 4,-139.03147044528518,58.440099520554845
Group 4,-132.60737921346714,59.77443864061427
Group 4,-126.35014749409491,60.88638790650525
Group 4,-121.3443621186303,62.554311806402694
Group 4,-115.33741966809266,64.55582048613817
Group 4,-108.91332843620827,66.77971901862745
Group 4,-103.74068354823149,68.44764291852489
Group 4,-98.31774939145329,70.44915159826037
Group 4,-93.47882352850085,72.1170754974505
Group 4,-95.56456743493615,78.23279646303382
Group 4,-97.81717085391678,82.90298338218082
Group 4,-100.48692305417784,87.57317030132783
Group 4,-102.32237769184488,92.9105267808582
Group 4,-102.57266696061313,98.69266296589618
Group 5,5.969445930941665,142.61465899087045
Group 5,-141.86808215809157,189.31652818163315
Group 5,-139.8657680078792,194.8762745139173
Group 5,-145.12184265211206,197.87853753245955
Group 5,-150.87849583394777,197.54495275262153
Group 5,-155.9677109656353,196.0994187061852
Group 5,-161.30721536615744,192.7635709070976
Group 5,-167.73130659800864,191.09564700720017
Group 5,-173.57138953606727,188.53816369416555
Group 5,-178.74403442407723,186.87023979497542
Group 5,-180.16234028043067,181.0881036092301
Group 5,-182.16465443064305,174.74999279018567
Group 5,-180.4960593054882,169.4126363113626
Group 5,-180.9966378430247,163.96408490616267
Group 5,-180.9132080867686,158.29314364750158
Group 5,-179.99548076795168,152.06622775554135
Group 5,-178.9108939365894,145.50572708303577
Group 5,-179.07775344910155,139.50120104453669
Group 5,-178.16002613028462,133.9414547122525
Group 5,-177.24229881140135,127.60334389391537
Group 5,-176.24114173632833,122.15479248800808
Group 5,-174.57254661117346,116.70624108210082
Group 5,-173.9051085611248,111.25768967619354
Group 5,-173.23767051104292,105.92033319737048
Group 5,-169.56676123570887,100.24939193870941
Group 5,-166.06271147285378,95.69039994664664
Group 5,-165.22841391029291,90.57543332057737
Group 5,-162.05808317246218,85.79405147505348
Group 5,-158.22031438461593,81.01266962952958
Group 5,-154.38254559673652,75.89770300346032
Group 5,-154.13225632796826,70.56034652463727
Group 5,-152.2133719340783,65.11179511943732
Group 5,-149.96076851509767,59.21846400731512
Group 5,-148.5424626586779,53.32513289448559
Group 5,-142.61894996439634,53.32513289448559
Group 5,-136.44514800131338,55.104251721467264
Group 5,-131.2725031133366,56.6609806942805
Group 5,-127.01758554417675,59.996828494075395
Group 5,-121.51122163114246,63.11028643899452
Group 5,-115.25398991180342,65.22299004581423
Group 5,-109.24704746126578,67.2244987255497
Group 5,-103.49039427943006,68.33644799144068
Group 5,-96.98287329132276,70.00437189133812
Group 5,-91.14279035326413,71.8946856446967
Group 5,-86.47072400285704,74.1185841778933
Group 5,-81.13121960233491,76.56487256313638
Group 5,-74.79055812673978,79.0111609497941
Group 5,-69.28419421373866,81.4574493357445
Group 5,-63.02696249436644,83.01417830855773
Group 5,-58.021177118901825,83.5701529425642
Group 5,-51.93080491207494,83.79254279602533
Group 5,-47.175308805378585,85.23807684175434
Group 5,-41.0849365985517,86.0164413285146
Group 5,-36.079151223087095,87.57317030132783
Group 5,-30.906506335077147,89.01870434776416
Group 5,-26.568159009694387,93.0217217072351
Group 5,-21.81266290299803,95.13442531334748
Group 5,-16.55658825869883,95.91278979940043
Group 5,-11.71766239577956,97.46951877221366
Group 5,-5.794149701464845,97.69190862567478
Group 5,-0.03749651966230201,99.80461223249448
Group 5,5.051718612058393,100.3605868650863
Group 5,8.388908862368131,96.02398472648466
Group 5,12.22667765024755,91.57618766009146
Group 5,17.56618205076967,88.90750942138726
Group 5,23.906843526364806,88.462729714465
Group 5,27.66118255798814,84.68210220845518
Group 5,32.5835381771635,86.0164413285146
Group 5,35.58700940248207,81.12386455590648
Group 5,38.08990209019778,75.78650807708343
Group 5,40.509365021657416,70.56034652463727
Group 5,41.677381609308945,64.66701541251507
Group 5,45.014571859585516,60.55280312666722
Group 5,49.4363489412907,57.66173503379457
Group 5,52.60667967908827,52.76915826118645
Group 5,54.85928309803574,47.987776415662545
Group 5,58.69705188591516,43.87356412981469
Group 5,63.86969677389193,42.316835157001464
Group 5,61.95081237993564,36.534698971963486
Group 5,63.28568848006617,30.752562786218185
Group 5,63.70283726137976,24.636841820634857
Group 5,64.87085384896496,18.854705634889555
Group 5,66.87316799917733,12.961374522767354
Group 5,67.12345726794558,7.2904332641062775
Group 5,67.6240358054821,2.064271711660126
Group 5,69.70977971195056,-3.161889840078702
Group 5,71.2115153245601,-8.499246319609078
Group 5,72.62982118097987,-14.28138250535438
Group 5,73.88126752482115,-20.508298397314604
Group 5,75.29957338120776,-25.623265022676534
Group 5,77.96932558146882,-31.405401208421836
Group 5,79.0539124128311,-38.63307144060346
Group 5,81.97395388186041,-43.303258359750465
Group 5,83.72597876327137,-48.751809764950416
Group 5,85.56143340093841,-53.977971317396566
Group 5,87.48031779486153,-60.4272770621106
Group 5,89.73292121384218,-66.09821832077168
Group 5,92.31924365784714,-71.32437987392515
Group 5,96.0735826894373,-75.10500737922766
Group 5,101.07936806493508,-74.88261752647385
Group 5,106.00172368411044,-71.9915494336012
Group 5,112.42581491599483,-73.43708348003753
Group 5,117.93217882899596,-71.7691595808474
Group 5,122.93796420446056,-67.98853207413025
Group 5,127.94374957992517,-66.43180310202435
Group 5,133.36668373670338,-64.8750741285038
Group 5,137.7884608183754,-62.428785742553394
Group 5,142.87767595012926,-60.09369228227257
Group 5,147.6331720568256,-57.64740389632217
Group 5,152.30523840726588,-60.872056769032845
Group 5,157.81160232030015,-62.5399806689303
Group 5,163.98540428334996,-61.87281110925424
Group 5,169.15804917135992,-60.760861841948625
Group 5,174.58098332810494,-58.536963309459345
Group 5,179.67019845982563,-57.42501404356837
Group 5,183.67482676021723,-54.4227510236115
Group 5,186.01085993542077,-48.97419961841154
Group 5,187.846314573121,-43.525648212504265
Group 5,191.26693457972,-38.855461293357266
Group 5,197.7744555678273,-36.853952613621786
Group 5,203.44767899337376,-34.85244393459364
Group 5,209.28776193143239,-34.96363886097053
Group 5,214.7106960881774,-32.07257076809788
Group 5,220.1336302449556,-29.515087455770583
Group 5,223.22053122646392,-24.288925903324433
Group 5,226.891440501798,-19.285154204339406
Group 5,231.98065563355186,-18.28439986482533
Group 5,237.65387905909833,-17.39484045098083
Group 5,243.32710248461163,-16.394086111466756
Group 5,248.58317712884448,-16.950060744058582
Group 5,253.25524347931793,-14.614967285192403
Group 5,253.00495421054967,-8.499246319609078
Group 5,252.92152445429357,-2.3835253540257506
Group 5,254.67354933567137,2.7314412720435
Group 5,258.09416934227033,7.846407897405427
Group 5,263.18338447399105,10.737475989570754
Group 5,268.68974838699216,11.182255697200327
Group 5,274.27954205628254,12.961374522767354
Group 5,279.95276548182903,14.629298422664805
Group 5,286.8774352512499,13.294959302605381
Group 5,291.88322062671455,11.849425256876378
Group 5,297.63987380851705,10.959865843739202
Group 5,299.80904747120843,16.63080710240028
Group 5,297.80673332102924,21.968163581223333
Group 5,293.8021050206708,26.527155573993433
Group 5,287.62830305755466,29.084638886320736
Group 5,283.6236747571963,33.42124102562971
Group 5,281.9550796320082,38.980987357206565
Group 5,281.70479036323997,44.207148909652716
Group 5,278.6178893816985,48.98853075517662
Group 5,276.5321454752632,54.99305679509037
Group 5,275.11383961887657,59.77443864061427
Group 5,274.0292527875143,65.44537989927535
Group 5,270.19148399966804,69.78198203858432
Group 5,264.8519795991459,71.44990593777445
Group 5,259.42904544236774,69.22600740528517
Group 5,253.8392517731105,66.77971901862745
Group 5,247.99916883505188,66.89091394571167
Group 5,242.3259454095386,65.00060019235309
Group 5,236.56929222773604,65.33418497289844
Group 5,230.8126390459335,64.55582048613817
Group 5,226.05714293923717,61.44236253980439
Group 5,219.96677073241028,61.99833717310354
Group 5,214.87755560065642,59.440853860776244
Group 5,209.45462144391138,58.662489373308645
Group 5,202.86367069954798,56.99456547411852
Group 5,197.10701751774545,54.88186186800614
Group 5,192.01780238602475,51.32362421545744
Group 5,186.17771944796613,49.54450538847577
Group 5,181.00507455995617,49.76689524264422
Group 5,176.33300820954906,47.87658148928564
Group 5,171.07693356528304,45.98626773663439
Group 5,165.40371013973657,45.65268295679636
Group 5,160.73164378932947,43.87356412981469
Group 5,155.55899890131954,40.42652140435021
Group 5,150.21949450079742,36.97947867817841
Group 5,145.2971388815889,34.644385217897586
Group 5,139.87420472481068,32.198096832654514
Group 5,133.36668373670338,31.086147566056212
Group 5,127.1928817736204,29.41822366615876
Group 5,122.43738566692406,27.63910483988441
Group 5,117.09788126640193,25.30401138101823
Group 5,111.84180662216907,22.857722994360508
Group 5,106.0851534403997,20.74501938824813
Group 5,99.99478123357281,19.52187519456561
Group 5,94.15469829551418,18.298731001590408
Group 5,87.81403681991904,16.408417248939156
Group 5,82.97511095693343,15.07407812887973
Group 5,78.05275533775809,12.183010036714403
Group 5,73.13039971851639,10.292696283355829
Group 5,68.87548214935654,6.956848484268252
Group 5,63.70283726137976,3.732195611557576
Group 5,59.11420066719558,0.06276303192465083
Group 5,57.77932456706505,-4.941008667060376
Group 5,56.36101871067844,-10.945534705559478
Group 5,51.939241629006425,-13.280628165840302
Group 5,50.854654797644145,-18.617984644663355
Group 5,52.43982016654293,-23.732951270025282
Group 5,54.024985535441715,-29.29269760230946
Group 5,56.527878223190605,-33.85168959437224
Group 5,57.44560554200754,-39.41143592665641
Group 5,59.36448993596383,-44.30401269926454
Group 5,60.94965530486262,-49.41897932462646
Group 5,61.95081237993564,-55.75709014296359
Group 5,61.700523111167385,-61.65042125579312
Group 5,63.035399211297914,-66.76538788186237
Group 5,63.86969677389193,-71.65796465376317
Group 5,65.0377133615103,-77.44010083950847
Group 5,66.78973824292125,-82.5550674648704
Group 5,64.28684555520553,-88.00361887007035
Group 5,58.94734115468341,-91.11707681640414
Group 5,54.52556407297823,-94.5641195418686
Group 5,49.352919185034615,-98.23355212150153
Group 5,44.347133809536835,-99.56789124085364
Group 5,39.091059165303975,-99.90147602069166
Group 5,34.50242257111979,-102.45895933443362
Group 5,29.580066951911267,-104.01568830724683
Group 5,24.741141088958827,-106.12839191335921
Group 5,19.23477717592454,-106.12839191335921
Group 5,15.063289363020779,-109.24184985898566
Group 5,14.979859606764695,-114.46801141213913
Group 5,12.560396675305059,-120.13895267080021
Group 5,7.721470812319452,-122.58524105675062
Group 5,1.9648176305500769,-123.14121569004976
Group 5,-3.7084057949963816,-124.69794466357031
Group 5,-9.631918489344264,-127.25542797589762
Group 5,-16.139439477418403,-128.14498738903478
Group 5,-21.061795096626927,-130.5912757756925
Group 5,-26.985307790941643,-132.37039460125953
Group 5,-32.07452292269551,-132.70397938109758
Group 5,-38.33175464203456,-134.26070835461812
Group 5,-39.249481960884665,-126.36586856276044
Group 5,-41.58551513608821,-131.7032250415835
Group 5,-46.92501953661033,-131.5920301152066
Group 5,-51.09650734948092,-135.92863225451558
Group 5,-56.60287126248204,-137.48536122732878
Group 5,-61.6920863942359,-139.70925976052538
Group 5,-67.11502055101411,-142.3779379992296
Group 5,-73.1219630015849,-144.37944667967238
Group 5,-77.54374008322375,-146.71454013853858
Group 5,-82.2158064336972,-149.0496335988194
Group 5,-86.05357522154344,-153.71982051725908
Group 5,-91.14279035326413,-150.93994735147064
Group 5,-96.98287329132276,-153.71982051725908
Group 5,-101.90522891053129,-156.83327846288552
Group 5,-107.16130355479731,-158.7235922162441
Group 5,-112.50080795528626,-160.50271104251846
Group 5,-117.59002308700697,-161.72585523549367
Group 5,-123.68039529383384,-160.28032118905733
Group 5,-128.51932115681944,-161.61466030911674
Group 5,-134.60969336364633,-163.61616898885222
Group 5,-139.53204898285486,-164.3945334756125
Group 5,-145.53899143342565,-166.50723708101756
Group 5,-150.79506607765853,-169.0647203940522
Group 5,-156.80200852822932,-168.73113561421417
Group 5,-162.22494268500753,-171.3998138536257
Group 5,-167.8981661105208,-173.29012760698424
Group 5,-173.73824904857943,-175.51402613947354
Group 5,-179.9120510116624,-176.0700007727727
Group 5,-185.00126614341627,-177.62672974629322
Group 5,-190.25734078764913,-178.96106886564533
Group 5,-195.59684518817127,-177.96031452613127
Group 5,-199.8517627573311,-181.85213695781067
Group 5,-205.52498618287757,-180.62899276483546
Group 5,-211.19820960839084,-180.29540798499744
Group 5,-216.95486279016023,-181.51855217797262
Group 5,-222.46122670322768,-183.1864760785774
Group 5,-227.4670120786923,-182.40811159181715
Group 5,-232.3893676979008,-180.07301813224365
Group 5,-232.80651647921442,-174.51327179995945
Group 5,-233.22366526046167,-169.39830517459754
Group 5,-235.80998770446664,-162.61541464933816
Group 5,-238.39631014847163,-158.05642265656806
Group 5,-241.06606234869952,-151.6071169111467
Group 5,-241.06606234869952,-146.49215028507746
Group 5,-243.73581454896058,-142.04435321939158
Group 5,-245.48783943040468,-137.04058152040653
Group 5,-247.9073023618643,-131.48083518812237
Group 5,-250.82734383089362,-127.36662290227451
Group 5,-252.2456496872471,-121.69568164361344
Group 5,-253.91424481243513,-116.35832516479039
Group 5,-256.6674267689523,-111.68813824564339
Group 5,-258.4194516503632,-106.23958684044344
Group 5,-259.58746823798157,-100.90223036162038
Group 5,-261.17263360688037,-95.12009417587508
Group 5,-261.6732121444169,-90.00512754980583
Group 5,-264.92697263847055,-84.66777107098278
Group 5,-269.8493282576791,-81.66550805173323
Group 5,-275.27226241442406,-78.55205010539945
Group 5,-280.361477546178,-74.5490327459285
Group 5,-282.5306512089025,-69.99004075386573
Group 5,-285.7009819467001,-64.43029442158155
Group 5,-289.2884614658112,-60.53847198919482
Group 5,-291.7079243972377,-55.31231043674867
Group 5,-295.29540391634885,-51.08690322381659
Group 5,-299.6337512417316,-47.417470645598314
Group 5,-296.6302800164794,-41.968919238983716
Group 5,-298.6325941666586,-36.40917290740686
Group 5,-297.8817263603538,-29.84867223560861
Group 5,-295.1285444038035,-25.178485316461607
Group 5,-290.2061887846282,-21.95383244304361
Group 5,-288.370734146928,-16.616475964220555
Group 5,-284.7832546278168,-12.16867889853468
Group 5,-281.1123453524827,-8.388051393232177
Group 5,-276.6071385145546,-4.829813740683475
Group 5,-270.85048533278524,-2.2723304269415268
Group 5,-265.26069166349487,0.06276303192465083
Group 5,-259.25374921295725,1.8418818589063246
Group 5,-254.0811043249473,2.8426361984204007
Group 5,-248.15759163063257,4.065780391395601
Group 5,-243.15180625516797,6.178483998215301
Group 5,-237.6454423421337,6.956848484268252
Group 5,-232.72308672292516,10.626281063193854
Group 5,-227.30015256614695,12.07181510963018
Group 5,-221.37663987186542,12.516594816552429
Group 5,-226.04870622230567,9.84791657643358
Group 5,-230.80420232900204,8.291187603620354
Group 5,-224.88068963465415,14.740493349041706
Group 5,-224.9641193909434,23.858477333874582
Group 5,-215.70341644631895,16.853196955861407
Group 5,-210.03019302080565,16.853196955861407
Group 5,-204.77411837650646,17.520366515537454
Group 5,-199.9351925135872,20.85621431391771
Group 5,-194.76254762557724,20.63382446187123
Group 5,-189.8401920063687,23.302502700575435
Group 5,-184.00010906831008,24.636841820634857
Group 5,-178.9108939365894,25.41520630668781
Group 5,-175.15655490496607,29.529418592535663
Group 5,-170.9016373358062,32.531681612492534
Group 5,-165.14498415403685,34.310800438059566
Group 5,-160.55634755985267,36.757088824717286
Group 5,-158.4706036533842,43.095199643054414
Group 5,-155.71742169686704,48.21016626912367
Group 5,-151.96308266531005,52.76915826118645
Group 5,-146.7904377773001,55.549031427682195
Group 5,-140.95035483924147,56.99456547411852
Group 5,-135.94456946377687,58.77368430039287
Group 5,-130.43820555074257,61.21997268634327
Group 5,-124.59812261268395,62.443116879318474
Group 5,-119.75919674973152,64.44462555976128
Group 5,-114.83684113052298,66.55732916516632
Group 5,-109.49733673003404,68.44764291852489
Group 5,-103.49039427943006,70.56034652463727
Group 5,-98.56803866022155,72.1170754974505
Group 5,-93.2285342597326,73.89619432443217
Group 5,-87.55531083421931,75.67531315070653
Group 5,-82.04894692115185,76.6760674902206
Group 5,-76.95973178946433,78.8999660234172
Group 5,-71.87051665771047,80.1231102163924
Group 5,-66.53101225718834,82.34700874888168
Group 5,-61.02464834418723,83.90373772240223
Group 5,-55.35142491864077,84.23732250224025
Group 5,-49.761631249350394,85.34927176883855
Group 5,-45.00613514265404,87.01719566802868
Group 5,-39.66663074213192,87.46197537424361
Group 5,-34.744275122956566,86.46122103472953
Group 5,-28.15332437859317,85.46046669521546
Group 5,-22.229811684245288,86.1276362548915
Group 5,-16.806877527467083,89.24109420122528
Group 5,-12.551959958373578,92.46574707322863
Group 5,-9.21476970803067,96.57995935907648
Group 5,-5.543860432663421,100.80536657200855
Group 5,-1.0386535947684914,103.25165495866628
Group 5,4.050561536985372,106.36511290429273
Group 5,8.555768374913471,108.70020636386624
Group 5,8.555768374913471,114.14875776977351
Group 5,5.218578124570562,119.04133454167432
Group 5,1.3808093367243126,122.93315697476837
Group 5,4.717999587034052,127.26975911337001
Group 5,8.222049349855961,131.27277647213364
Group 5,12.05981813776855,135.2757938316046
Group 5,16.314735706895224,137.83327714463923
Group 5,21.487380594872004,138.8340314841533
Group 5,26.076017189089356,136.27654817111866
Group 5,31.916100127114817,138.6116416313995
Group 5,37.50589379640519,140.61315031042764
Group 5,43.26254697820773,141.83629450411019
Group 5,47.76775381613583,144.39377781643748
Group 5,53.1906879728477,145.61692200941266
Group 5,58.0296138358333,147.61843068985547
Group 5,62.951969455075,150.6206937083977
Group 5,67.95775483053961,150.5094987820208
Group 5,72.96354020600421,146.7288712767183
Group 5,75.29957338120776,141.39151479789524
Group 5,76.6344494813383,136.49893802528712
Group 5,76.21730070009104,130.6056069124576
Group 5,76.71787923762756,125.04586058017341
Group 5,73.29725923106173,121.26523307416359
Group 5,74.63213533115909,116.26146137517857
Group 5,79.13734216908719,113.59278313647437
Group 5,84.14312754458497,113.92636791631239
Group 5,89.89978072635434,114.81592732944956
Group 5,96.24044220194948,116.70624108210082
Group 5,101.66337635872767,118.59655483545939
Group 5,107.33659978424097,120.37567366102641
Group 5,111.50808759714472,124.71227580033539
Group 5,116.59730272886543,128.2705134535914
Group 5,120.35164176048876,132.05114095960124
Group 5,125.35742713595337,134.60862427192853
Group 5,130.36321251141797,135.2757938316046
Group 5,135.20213837440357,136.83252280512514
Group 5,139.45705594353026,140.16837060421273
Group 5,144.29598180651587,137.38849743842428
Group 5,150.1360647445745,136.38774309891022
Group 5,155.05842036374986,137.05491265858626
Group 5,159.1464784204307,133.71906485879137
Group 5,162.73395793947552,129.2712677931055
Group 5,166.2380077023306,125.49064028709567
Group 5,167.7397433149733,120.15328380827262
Group 5,168.6574706338234,114.03756284268928
Group 5,170.99350380902695,109.03379114370426
Group 5,173.07924771546226,104.03001944471923
Group 5,177.16730577210993,100.80536657200855
Group 5,182.2565209038638,99.35983252557223
Group 5,188.2634633544014,100.13819701233251
Group 5,193.9366867799147,99.58222237903335
Group 5,198.8590423991564,100.91656149838546
Group 5,204.19854679967852,101.69492598514573
Group 5,209.53805120020064,102.58448539899024
Group 5,214.7941258444335,104.25240929818035
Group 5,220.1336302449556,105.80913827099359
Group 5,226.14057269549323,106.58750275704654
Group 5,227.30858928311162,111.59127445603157
Group 5,229.3109034332908,116.70624108210082
Group 5,229.64462245834832,121.71001278179317
Group 5,228.4766058706968,127.49214896683114
Group 5,224.47197757033837,132.05114095960124
Group 5,223.05367171395176,137.61088729188543
Group 5,221.3016468325408,143.3930234769234
Group 5,220.21706000117854,148.39679517590844
Group 5,219.63305170738593,153.9565415081926
Group 5,218.29817560725542,159.29389798701564
Group 5,216.96329950715804,164.40886461237758
Group 5,214.7941258444335,169.74622109120062
Group 5,214.96098535694566,175.30596742419215
Group 5,213.12553071924546,180.6433239030152
Group 5,213.04210096298937,186.09187530821515
Group 5,211.79065461914809,191.76281656758354
Group 5,210.45577851901757,197.10017304640658
Group 5,210.12205949396005,202.88230923144457
Group 5,210.20548925024931,208.9980301977352
Group 5,209.20433217514312,214.44658160293517
Group 5,206.45115021862597,220.00632793521936
Group 5,203.61453850585275,226.01085397371844
Group 5,201.94594338069788,231.79299015875642
Group 5,200.61106728056734,236.68556693136455
Group 5,198.4418936178428,241.57814370397267
Group 5,197.35730678654687,247.2490849633411
Group 5,197.02358776148935,253.69839070805511
Group 5,196.10586044263925,259.36933196742353
Group 5,194.1869760487493,264.37310366640855
Group 5,192.268091654793,269.26568043830935
Group 5,191.26693457972,274.15825721091744
Group 5,190.09891799210163,279.2732238362794
Group 5,188.43032286691357,284.16580060888754
Group 5,184.09197554153081,288.9471824544114
Group 5,178.8359008972648,292.61661503404434
Group 5,176.0827189407808,297.1756070261071
Group 5,172.07809064038923,301.73459901887725
Group 5,169.65862770889643,306.96076057132336
Group 5,164.7362720896879,310.5189982238721
Group 5,159.73048671422328,308.5174895441366
Group 5,154.97499060749377,305.960006231102
Group 5,149.0514779132122,302.29057365217636
Group 5,143.5451140002111,302.06818379871527
Group 5,138.03875008714365,301.06742945920115
Group 5,132.6158159303986,300.0666751196871
Group 5,127.69346031115691,298.3987512190823
Group 5,121.93680712938755,296.39724254005415
Group 5,117.18131102269119,294.8405135665336
Group 5,111.84180662216907,293.0613947402593
Group 5,106.2520129528787,291.17108098760804
Group 5,101.162797821158,289.7255469411717
Group 5,95.73986366441297,288.3912078211123
Group 5,89.81635097009826,285.7225295824081
Group 5,83.72597876327137,283.38743612212727
Group 5,78.05275533775809,280.71875788342305
Group 5,72.21267239969946,279.0508339835256
Group 5,67.6240358054821,276.93813037741324
Group 5,62.284531404993146,274.82542677059354
Group 5,56.27758895442235,271.93435867842817
Group 5,50.77122504142123,269.8216550716085
Group 5,45.26486112835377,267.3753666856581
Group 5,40.00878648412091,265.81863771213756
Group 5,34.66928208363196,265.81863771213756
Group 5,28.578909876805078,266.93058697944315
Group 5,23.656554257596554,265.70744278576063
Group 5,20.069074738485387,262.03801020683505
Group 5,15.313578631789035,258.5909674806632
Group 5,10.391223012580511,256.36706894746663
Group 5,5.302007880859817,254.25436534135426
Group 5,1.9648176305500769,249.13939871599234
Group 5,-0.7883643259670673,244.80279657668336
Group 5,-3.1243975012037866,239.02066039164538
Group 5,-8.130182876668396,234.9064481050902
Group 5,-7.713034095387971,227.45638802015478
Group 5,-6.628447264025696,221.8966416878706
Group 5,-5.87757945772093,216.33689535558642
Group 5,-11.217083858243049,212.88985262941463
Group 5,-15.805720452394064,210.22117439071042
Group 5,-20.72807607163576,206.5517418110775
Group 5,-25.567001934555027,203.66067371891216
Group 5,-28.98762194115402,199.6576563594412
Group 5,-24.565844859482006,197.21136797278348
Group 5,-37.24716781067229,192.42998612725958
Group 5,-45.7570029489588,193.98671510078015
Group 5,-50.76278832445658,203.99425849875018
Group 5,-55.93543321246653,208.66444541789718
Group 5,-47.342168317857585,210.1099794636262
Group 5,-60.27378053784929,200.6584106989553
